form,chapter_no,chapter,group,subgroup,question_text,guidance,input_type,input_hint,suggested_applicability,warnings,source_ref,source_key
B-008,,,"GENERAL – MASTER – CREW",,"1. Is the general condition, visual appearance and cleanliness of the hull satisfactory?",,,,"All vessel types",,"Form B-008-Vessel Internal Audit checklist (3).md:11",B-008|x|8dc242af020b
B-008,,,"GENERAL – MASTER – CREW",,"2. Is the vessel access safe (embarkation ladder equipped with safety net rope, lifebuoy with light, warning signs - Manila rope 2.5' circ.- no polypropylene ropes)? Check gangway deployment.",,,,"All vessel types",parenthetical_not_trailing,"Form B-008-Vessel Internal Audit checklist (3).md:12",B-008|x|e7233753a2f7
B-008,,,"GENERAL – MASTER – CREW",,"3. Are the hull markings, draft marks, load line marks, bulbous bow, bow thruster mark, tug push points, pilot access points, etc. clearly indicated and correctly placed?",,,,"All vessel types",,"Form B-008-Vessel Internal Audit checklist (3).md:13",B-008|x|c9adb970caca
B-008,,,"GENERAL – MASTER – CREW",,"4. Are the Company’s policies up dated, posted and formally accepted by all crewmembers?",,,,"All vessel types",,"Form B-008-Vessel Internal Audit checklist (3).md:14",B-008|x|47c00d301c0b
B-008,,,"GENERAL – MASTER – CREW",,"5. Check records of Management Review Committee minutes/decisions forwarded to the vessel.",,,,"All vessel types",,"Form B-008-Vessel Internal Audit checklist (3).md:15",B-008|x|6e8698a63af0
B-008,,,"GENERAL – MASTER – CREW",,"6. Check records of ship’s Safety & Environmental Committee meetings (if possible participate in a meeting).",,,,"All vessel types",,"Form B-008-Vessel Internal Audit checklist (3).md:16",B-008|x|6d912774ee1d
B-008,,,"GENERAL – MASTER – CREW",,"7. Is progress towards Company’s targets/KPIs discussed at these meetings?",,,,"All vessel types",,"Form B-008-Vessel Internal Audit checklist (3).md:17",B-008|x|1bf837d3ceb5
B-008,,,"GENERAL – MASTER – CREW",,"8. Is the Company response to suggestions of the Committee satisfactory?",,,,"All vessel types",,"Form B-008-Vessel Internal Audit checklist (3).md:18",B-008|x|0993c639dd01
B-008,,,"GENERAL – MASTER – CREW",,"9. Is the Master aware of his overriding authority and where is this stated in the SMS?",,,,"All vessel types",,"Form B-008-Vessel Internal Audit checklist (3).md:19",B-008|x|682c069eb3f0
B-008,,,"GENERAL – MASTER – CREW",,"10. Is the Master aware of his obligation to submit an SMS review? Check records.",,,,"All vessel types",,"Form B-008-Vessel Internal Audit checklist (3).md:20",B-008|x|c91a0d1dd859
B-008,,,"GENERAL – MASTER – CREW",,"11. Records of rest hours and watch schedules. Are they posted? Are they monitored by the Company? (cross check with other records).",,,,"All vessel types",,"Form B-008-Vessel Internal Audit checklist (3).md:21",B-008|x|598536891623
B-008,,,"GENERAL – MASTER – CREW",,"12. Has the Master received (written or verbal) complaints (not related to MLC 2006)/protests/claims by terminals, charterers, etc. since the last internal audit?",,,,"All vessel types",mangled_word:claSMS->claims;parenthetical_not_trailing,"Form B-008-Vessel Internal Audit checklist (3).md:22",B-008|x|c259459e6300
B-008,,,"GENERAL – MASTER – CREW",,"13. Have these been analyzed and all necessary corrective/preventive actions implemented?",,,,"All vessel types",,"Form B-008-Vessel Internal Audit checklist (3).md:23",B-008|x|c170822dcdf6
B-008,,,"GENERAL – MASTER – CREW",,"14. Is the Master handing over form available and signed?",,,,"All vessel types",,"Form B-008-Vessel Internal Audit checklist (3).md:24",B-008|x|ab057f7ca845
B-008,,,"GENERAL – MASTER – CREW",,"15. Does the Master regularly report all maintenance jobs, repairs and defects? Check follow-up.",,,,"All vessel types",,"Form B-008-Vessel Internal Audit checklist (3).md:25",B-008|x|a1ca0864ac75
B-008,,,"GENERAL – MASTER – CREW",,"16. Have the Company’s Managers/Superintendents visited/sailed with the vessel at least twice within the last 12 months in order to verify PMS / safety standards, etc.?",,,,"All vessel types",,"Form B-008-Vessel Internal Audit checklist (3).md:26",B-008|x|83a8a1e0a887
B-008,,,"GENERAL – MASTER – CREW",,"17. Are there any deficiencies/repairs imposed by Company superintendents, vessel’s Class, PSC, etc. not yet rectified? If yes, what is the rectification schedule? Check tasks assignments.",,,,"All vessel types",,"Form B-008-Vessel Internal Audit checklist (3).md:27",B-008|x|c0144a416b22
B-008,,,"GENERAL – MASTER – CREW",,"18. Are the Master and crew familiar with the SMS procedures and aware of the Company’s objectives & policy and the concept of continuous improvement?",,,,"All vessel types",,"Form B-008-Vessel Internal Audit checklist (3).md:28",B-008|x|cdf227160ab9
B-008,,,"GENERAL – MASTER – CREW",,"19. Is the EnMS available to all prescribed positions and up to date?",,,,"All vessel types",,"Form B-008-Vessel Internal Audit checklist (3).md:29",B-008|x|32a5aeabbc13
B-008,,,"GENERAL – MASTER – CREW",,"20. Check implementation of Energy Efficiency Measures as per vessel’s SEEMP and improvements into shipboard activities.",,,,"All vessel types",,"Form B-008-Vessel Internal Audit checklist (3).md:30",B-008|x|554aa7d2fca2
B-008,,,"GENERAL – MASTER – CREW",,"21. Check proper record keeping of vessel’s SEEMP form.",,,,"All vessel types",,"Form B-008-Vessel Internal Audit checklist (3).md:31",B-008|x|18b43e47c3de
B-008,,,"GENERAL – MASTER – CREW",,"22. Check records of familiarization of crew on SEEMP.",,,,"All vessel types",,"Form B-008-Vessel Internal Audit checklist (3).md:32",B-008|x|de2138b2bc77
B-008,,,"CERTIFICATES – DOCUMENTS",,"1. Is the management agreement between the Owning and the Management Company available?",,,,"All vessel types",,"Form B-008-Vessel Internal Audit checklist (3).md:45",B-008|x|e3891bb91c14
B-008,,,"CERTIFICATES – DOCUMENTS",,"2. Are all ship’s Certificates available, valid and properly filed?","Original copies, stamps, signatures, endorsements & entries, proper filing, no expired certificates in the file. Check all CSR, ensure consistency of information",,,"All vessel types",,"Form B-008-Vessel Internal Audit checklist (3).md:46",B-008|x|bf43c922b4af
B-008,,,"CERTIFICATES – DOCUMENTS",,"3. Is a current Crew List available?",,,,"All vessel types",,"Form B-008-Vessel Internal Audit checklist (3).md:47",B-008|x|bc22c99039dc
B-008,,,"CERTIFICATES – DOCUMENTS",,"4. Is age verification and certificates checking made of newly joining crew? No person below the minimum age of 18 shall be employed or engaged or work on a ship.",,,,"All vessel types",,"Form B-008-Vessel Internal Audit checklist (3).md:48",B-008|x|3614999cd89d
B-008,,,"CERTIFICATES – DOCUMENTS",,"5. Are the crewmembers paid on a Monthly basis and is a signed Monthly Statement of Account available for each crewmember?",,,,"All vessel types",,"Form B-008-Vessel Internal Audit checklist (3).md:49",B-008|x|b316ce4168bc
B-008,,,"CERTIFICATES – DOCUMENTS",,"6. Are all seafarers’ Employment Agreements (SEA), including any applicable Collective Bargaining Agreements, available onboard and in the English language?",,,,"All vessel types",parenthetical_not_trailing,"Form B-008-Vessel Internal Audit checklist (3).md:50",B-008|x|ace6185e1d94
B-008,,,"CERTIFICATES – DOCUMENTS",,"7. Are all SEA as per MLC standard A2.1 and are they signed by both sides?",,,,"All vessel types",,"Form B-008-Vessel Internal Audit checklist (3).md:51",B-008|x|ba93227dcc40
B-008,,,"CERTIFICATES – DOCUMENTS",,"8. Does the manning level meet or exceed that required by the Minimum Safe Manning Certificate?",,,,"All vessel types",,"Form B-008-Vessel Internal Audit checklist (3).md:52",B-008|x|c55e8b51e210
B-008,,,"CERTIFICATES – DOCUMENTS",,"9. Are all seafarers’ Certificates available and valid?","Medical Certificates, Competency Certificates, Flag endorsements, etc. as per STCW and Company’s requirements",,,"All vessel types",,"Form B-008-Vessel Internal Audit checklist (3).md:53",B-008|x|7892a8000027
B-008,,,"CERTIFICATES – DOCUMENTS",,"10. Are there at least two Officers onboard with GO certificate?",,,,"All vessel types",,"Form B-008-Vessel Internal Audit checklist (3).md:54",B-008|x|b1b62152ec5d
B-008,,,"CERTIFICATES – DOCUMENTS",,"11. Is the vessel’s Cook properly certified?",,,,"All vessel types",,"Form B-008-Vessel Internal Audit checklist (3).md:55",B-008|x|62936418fc6c
B-008,,,"CERTIFICATES – DOCUMENTS",,"12. Is documentation (certificate/license etc.) available onboard proving the compliance of the Manning Agent(s) with MLC 2006 requirements?",,,,"All vessel types",parenthetical_not_trailing,"Form B-008-Vessel Internal Audit checklist (3).md:56",B-008|x|89d33c4d4549
B-008,,,"CERTIFICATES – DOCUMENTS",,"13. Is the MLC 2006 available onboard?",,,,"All vessel types",,"Form B-008-Vessel Internal Audit checklist (3).md:57",B-008|x|871232c3871a
B-008,,,"CERTIFICATES – DOCUMENTS",,"14. Is a copy of the applicable national provisions regarding repatriation available onboard?",,,,"All vessel types",,"Form B-008-Vessel Internal Audit checklist (3).md:58",B-008|x|245b8e52e546
B-008,,,"CERTIFICATES – DOCUMENTS",,"15. Have any MLC related complaints been made? Have these been followed up and closed?",,,,"All vessel types",,"Form B-008-Vessel Internal Audit checklist (3).md:59",B-008|x|47588eab58af
B-008,,,"CERTIFICATES – DOCUMENTS",,"16. Is the Class Status regularly send on board by the Company?",,,,"All vessel types",,"Form B-008-Vessel Internal Audit checklist (3).md:60",B-008|x|18d2c193c0ba
B-008,,,"CERTIFICATES – DOCUMENTS",,"17. If the vessel is subject to the ESP, is the report file maintained?","A Tanker > 5 years shall have a file of survey reports, results of all scantling measurement and statement of structural work carried out. File to be available 1 year prior vessel’s 5th anniversary, accompanied by a Condition Evaluation Report (CER) with conclusions on structural condition of ship and its residual scantlings. Each ES File must contain a CER for each ES carried out",,,"All vessel types",escaped_comparison_operator,"Form B-008-Vessel Internal Audit checklist (3).md:61",B-008|x|04fc1061faed
B-008,,,"CERTIFICATES – DOCUMENTS",,"18. If the vessel is over 130 m. and over 10 years old, has the criteria for longitudinal strength of the hull girder been met?","Evaluations required at Saf. Con. Cert. renewal surveys. Results to be available within the CER",,,"All vessel types",,"Form B-008-Vessel Internal Audit checklist (3).md:62",B-008|x|a4f89ef73393
B-008,,,"CERTIFICATES – DOCUMENTS",,"19. Check vessel’s (approved) manuals (Trim & Stability, Loading manual, etc.).",,,,"All vessel types",,"Form B-008-Vessel Internal Audit checklist (3).md:63",B-008|x|51e2762f3b13
B-008,,,"CERTIFICATES – DOCUMENTS",,"20. Is the vessel’s library up to date and are all manuals/drawings prescribed in SMS available?",,,,"All vessel types",,"Form B-008-Vessel Internal Audit checklist (3).md:64",B-008|x|8387f03d6ce7
B-008,,,"CERTIFICATES – DOCUMENTS",,"21. Is an up to date list of Company’s Circulars, Bulletins, Flag Circulars, etc. available?",,,,"All vessel types",,"Form B-008-Vessel Internal Audit checklist (3).md:65",B-008|x|b4074a2832bd
B-008,,,"CERTIFICATES – DOCUMENTS",,"22. Is a ship specific SOLAS training (LSA and FFE) manual available in public spaces and up to date?",,,,"All vessel types",parenthetical_not_trailing,"Form B-008-Vessel Internal Audit checklist (3).md:66",B-008|x|090ea3483f15
B-008,,,"MANAGEMENT OF CHANGE - DOCUMENT CONTROL / FILING SYSTEM",,"1. Check vessel’s filing system.",,,,"All vessel types",,"Form B-008-Vessel Internal Audit checklist (3).md:74",B-008|x|719f49524b36
B-008,,,"MANAGEMENT OF CHANGE - DOCUMENT CONTROL / FILING SYSTEM",,"2. Is the SMS and other controlled manuals available to all prescribed positions and up to date?",,,,"All vessel types",,"Form B-008-Vessel Internal Audit checklist (3).md:75",B-008|x|2a979b454fa8
B-008,,,"MANAGEMENT OF CHANGE - DOCUMENT CONTROL / FILING SYSTEM",,"3. Check awareness of Officers for the filing system.","Choose anyone of the department’s files and ask an Officer to describe the numbering system, the contained documents, the filing procedure, etc.",,,"All vessel types",,"Form B-008-Vessel Internal Audit checklist (3).md:76",B-008|x|175633d255f4
B-008,,,"MANAGEMENT OF CHANGE - DOCUMENT CONTROL / FILING SYSTEM",,"4. Check retention periods for records and back up of electronic data.",,,,"All vessel types",,"Form B-008-Vessel Internal Audit checklist (3).md:77",B-008|x|d9fbcb163ace
B-008,,,"MANAGEMENT OF CHANGE - DOCUMENT CONTROL / FILING SYSTEM",,"5. Has the Master or other crewmembers ever submitted a written request for SMS revision? (Check records and implementation of the relevant procedure).",,,,"All vessel types",,"Form B-008-Vessel Internal Audit checklist (3).md:78",B-008|x|f88e507caf1d
B-008,,,"MANAGEMENT OF CHANGE - DOCUMENT CONTROL / FILING SYSTEM",,"6. Is the SMS amended as per last amendment record? Are all superseded documents removed/ destroyed from areas of work and replaced by the amended controlled documents?",,,,"All vessel types",,"Form B-008-Vessel Internal Audit checklist (3).md:79",B-008|x|200eba691b3d
B-008,,,"MANAGEMENT OF CHANGE - DOCUMENT CONTROL / FILING SYSTEM",,"7. Select change cases and check the review process that led to their approval.","Check if changes were communicated to all those affected and all appropriate personnel received the required training due to these changes within a specified period. Check level of reviews and authorizations. Check time schedules for completion of changes",,,"All vessel types",,"Form B-008-Vessel Internal Audit checklist (3).md:80",B-008|x|2c7da8cd0015
B-008,,,"FAMILIARISATION – HANDING OVER – TRAINING AND EVALUATION PROCEDURES",,"1. Are familiarization, handover and all other relevant SMS forms properly filed and dully signed?",,,,"All vessel types",,"Form B-008-Vessel Internal Audit checklist (3).md:88",B-008|x|00c15f900275
B-008,,,"FAMILIARISATION – HANDING OVER – TRAINING AND EVALUATION PROCEDURES",,"2. Was there enough time for the familiarization of the new Senior Officers by their predecessors?",,,,"All vessel types",,"Form B-008-Vessel Internal Audit checklist (3).md:89",B-008|x|df5f1c825ce2
B-008,,,"FAMILIARISATION – HANDING OVER – TRAINING AND EVALUATION PROCEDURES",,"3. Is the crew aware of the DMR’s name/contact details/duties and responsibilities?",,,,"All vessel types",,"Form B-008-Vessel Internal Audit checklist (3).md:90",B-008|x|d0f2b38329e3
B-008,,,"FAMILIARISATION – HANDING OVER – TRAINING AND EVALUATION PROCEDURES",,"4. Does the crew communicate satisfactorily in a common language?",,,,"All vessel types",,"Form B-008-Vessel Internal Audit checklist (3).md:91",B-008|x|5a76811cfb97
B-008,,,"FAMILIARISATION – HANDING OVER – TRAINING AND EVALUATION PROCEDURES",,"5. Check appraisals. Are Master and C/E assessing the crew regularly?",,,,"All vessel types",,"Form B-008-Vessel Internal Audit checklist (3).md:92",B-008|x|d964cf2dc2d0
B-008,,,"FAMILIARISATION – HANDING OVER – TRAINING AND EVALUATION PROCEDURES",,"6. Check implementation of the Training Plan.",,,,"All vessel types",,"Form B-008-Vessel Internal Audit checklist (3).md:93",B-008|x|f04bb7531035
B-008,,,"FAMILIARISATION – HANDING OVER – TRAINING AND EVALUATION PROCEDURES",,"7. Has any training been requested by crewmembers? Check Company’s response.",,,,"All vessel types",,"Form B-008-Vessel Internal Audit checklist (3).md:94",B-008|x|3af0a34dcde8
B-008,,,"FAMILIARISATION – HANDING OVER – TRAINING AND EVALUATION PROCEDURES",,"8. Are the crewmembers training needs continuously monitored and identified?",,,,"All vessel types",,"Form B-008-Vessel Internal Audit checklist (3).md:95",B-008|x|312881def79b
B-008,,,"FAMILIARISATION – HANDING OVER – TRAINING AND EVALUATION PROCEDURES",,"9. Check methods and audiovisual aids used for training.",,,,"All vessel types",,"Form B-008-Vessel Internal Audit checklist (3).md:96",B-008|x|0ff39a628fd3
B-008,,,"FAMILIARISATION – HANDING OVER – TRAINING AND EVALUATION PROCEDURES",,"10. Is regular training to the use of LSA, FFE, critical systems, etc. and in survival at sea being undertaken?",,,,"All vessel types",,"Form B-008-Vessel Internal Audit checklist (3).md:97",B-008|x|401e66363c91
B-008,,,"FAMILIARISATION – HANDING OVER – TRAINING AND EVALUATION PROCEDURES",,"11. Is it clear and well understood the Company’s policy on the use of ECDIS for navigation (when available onboard)? Are Deck Officers properly trained and familiarized for the use of ECDIS? Are electronic charts duly updated and the ECDIS being properly configured for the various navigational circumstances (when applicable)?",,,,"All vessel types",parenthetical_not_trailing,"Form B-008-Vessel Internal Audit checklist (3).md:98",B-008|x|d7e6c21cfe8b
B-008,,,"FAMILIARISATION – HANDING OVER – TRAINING AND EVALUATION PROCEDURES",,"12. If crew operates the cranes: Are the operators of the cranes trained?",,,,"All vessel types",,"Form B-008-Vessel Internal Audit checklist (3).md:99",B-008|x|3bc4b066811f
B-008,,,"FAMILIARISATION – HANDING OVER – TRAINING AND EVALUATION PROCEDURES",,"13. Check implementation of disciplinary procedures.",,,,"All vessel types",,"Form B-008-Vessel Internal Audit checklist (3).md:100",B-008|x|7d6fe90847ed
B-008,,,"FAMILIARISATION – HANDING OVER – TRAINING AND EVALUATION PROCEDURES",,"14. Are crewmembers timely replaced when they request so? Check the average time required for effecting the replacement.",,,,"All vessel types",,"Form B-008-Vessel Internal Audit checklist (3).md:101",B-008|x|f3a16a043c53
B-008,,,"DRILLS AND EMERGENCY PROCEDURES",,"1. Are drills conducted as per schedule?",,,,"All vessel types",,"Form B-008-Vessel Internal Audit checklist (3).md:109",B-008|x|af16ca831605
B-008,,,"DRILLS AND EMERGENCY PROCEDURES",,"2. Does the Master evaluate every drill to identify training needs and lessons learnt? Check follow up.",,,,"All vessel types",,"Form B-008-Vessel Internal Audit checklist (3).md:110",B-008|x|5d6b0a7e8eaa
B-008,,,"DRILLS AND EMERGENCY PROCEDURES",,"3. Are the results of ship-shore drills (i.e. drills conducted outside the normal office hours) satisfactory as regards the communication and mobilization process?",,,,"All vessel types",parenthetical_not_trailing,"Form B-008-Vessel Internal Audit checklist (3).md:111",B-008|x|6df37684e05e
B-008,,,"DRILLS AND EMERGENCY PROCEDURES",,"4. Are rescue boats launched every 3 months with their assigned crew aboard and maneuvered in the water, as far as is reasonable?",,,,"All vessel types",,"Form B-008-Vessel Internal Audit checklist (3).md:112",B-008|x|bb87d6253b83
B-008,,,"DRILLS AND EMERGENCY PROCEDURES",,"5. Are lifeboats, launched every 3 months with their assigned crew aboard and maneuvered in the water, as far as is reasonable? In case of free-fall lifeboat, does simulating launching take place on alternate 3-monthly intervals and is this in accordance with the IMO recommendations?",,,,"All vessel types",,"Form B-008-Vessel Internal Audit checklist (3).md:113",B-008|x|9ad53efac647
B-008,,,"DRILLS AND EMERGENCY PROCEDURES",,"6. Are drills participants familiar and trained with their roles and responsibilities? Check awareness of Emergency Response Procedures and Duties/Muster list. Are all crew aware of the emergency procedures as per SOPEP/SMPEP and familiar with the use of the equipment and their duties?",,,,"All vessel types",,"Form B-008-Vessel Internal Audit checklist (3).md:114",B-008|x|2d9c377b605b
B-008,,,"DRILLS AND EMERGENCY PROCEDURES",,"7. Check the Company’s Hot Line.",,,,"All vessel types",,"Form B-008-Vessel Internal Audit checklist (3).md:115",B-008|x|51535794a964
B-008,,,"DRILLS AND EMERGENCY PROCEDURES",,"8. Is a system to provide a 24-hour damage-stability and structural-integrity assessment service available (in-house or under contract)?",,,,"All vessel types",parenthetical_not_trailing,"Form B-008-Vessel Internal Audit checklist (3).md:116",B-008|x|0e73d82c2231
B-008,,,"DRILLS AND EMERGENCY PROCEDURES",,"9. Is information pertaining to third parties that may be involved in emergencies available (contact details for Rescue centers, salvage, towing, media consultants, Class Societies, Flag State, etc.)? Check availability and that information is up to date.",,,,"All vessel types",parenthetical_not_trailing,"Form B-008-Vessel Internal Audit checklist (3).md:117",B-008|x|d9a428eccb3e
B-008,,,"DRILLS AND EMERGENCY PROCEDURES",,"10. Has a SOPEP/SMPEP ship shore drill been carried out during the last 12 months?",,,,"All vessel types",,"Form B-008-Vessel Internal Audit checklist (3).md:118",B-008|x|1fbce8c5ba2c
B-008,,,"DRILLS AND EMERGENCY PROCEDURES",,"11. Is the Master familiar with the VRP requirements (for vessels calling the U.S.)?",,,,"All vessel types",parenthetical_not_trailing,"Form B-008-Vessel Internal Audit checklist (3).md:119",B-008|x|fc2c5390cf8f
B-008,,,"DRILLS AND EMERGENCY PROCEDURES",,"12. Is a current Lloyds Open Form — Salvage Agreement available on board?",,,,"All vessel types",,"Form B-008-Vessel Internal Audit checklist (3).md:120",B-008|x|7867e1398d31
B-008,,,"DRILLS AND EMERGENCY PROCEDURES",,"13. Is the lifeboat hand held emergency radio equipment tested and results recorded?",,,,"All vessel types",,"Form B-008-Vessel Internal Audit checklist (3).md:121",B-008|x|67a3078639f0
B-008,,,"DRILLS AND EMERGENCY PROCEDURES",,"14. Are the muster stations clearly marked?",,,,"All vessel types",,"Form B-008-Vessel Internal Audit checklist (3).md:122",B-008|x|474f53ecdb91
B-008,,,"DRILLS AND EMERGENCY PROCEDURES",,"15. Are updated muster lists displayed on the bridge, E/R and accommodation spaces","to show duties assigned to crew including: •Closing of watertight doors, fire doors, valves, scuppers, sidescuttles, portholes, etc.; • Equipping of survival craft and other LSE; • Preparation and launching of survival craft; • General preparations of other LSE; • Muster of passengers; • Use of communication equipment; • Manning of fire parties assigned to deal with fires; and • Special duties assigned for the use of FFE and installations. The muster list shall specify which Officers are assigned to ensure that LSA and FFE are in order/ ready for use and their substitutes. To be prepared before ship proceeds to sea",,,"All vessel types",,"Form B-008-Vessel Internal Audit checklist (3).md:123",B-008|x|74a9c4527145
B-008,,,"DRILLS AND EMERGENCY PROCEDURES",,"16. Are emergency instructions (i.e. instructions for the use of the LSA, lifejackets donning instructions, etc.) exhibited in conspicuous places throughout the vessel? (easily seen under em. lighting conditions).",,,,"All vessel types",,"Form B-008-Vessel Internal Audit checklist (3).md:124",B-008|x|00a44ccf039a
B-008,,,"DRILLS AND EMERGENCY PROCEDURES",,"17. Check records of fire rounds after each watch (a lookout should not leave the bridge during the watch).",,,,"All vessel types",,"Form B-008-Vessel Internal Audit checklist (3).md:125",B-008|x|017e8541f91d
B-008,,,"DRILLS AND EMERGENCY PROCEDURES",,"18. One drill must be carried out in the presence of the auditor, if possible. Attention should be paid to full implementation of necessary procedures (e.g. timing, fire drill with use of fireman outfits, etc.).",,,,"All vessel types",,"Form B-008-Vessel Internal Audit checklist (3).md:126",B-008|x|a4dc30fbe129
B-008,,,"DRILLS AND EMERGENCY PROCEDURES",,"19. Are the emergency sound signals posted?",,,,"All vessel types",,"Form B-008-Vessel Internal Audit checklist (3).md:127",B-008|x|62f7ae6fa04f
B-008,,,"DRILLS AND EMERGENCY PROCEDURES",,"20. Is the crew aware of the various alarms and signals (general alarm, fire alarm, UMS alarm, fire identification alarm, Sprinkler alarm, Steering gear alarm, M/E alarms, Dead man alarm, watertight doors alarm, etc.)?",,,,"All vessel types",parenthetical_not_trailing,"Form B-008-Vessel Internal Audit checklist (3).md:128",B-008|x|57cdd83691b4
B-008,,,"AUDITS, NON-CONFORMITIES, INCIDENTS, NEAR MISSES, RISK ASSESSMENTS ETC.",,"1. Is the annual schedule for internal audits sent onboard on time and properly followed?",,,,"All vessel types",,"Form B-008-Vessel Internal Audit checklist (3).md:137",B-008|x|5d13bb0c175e
B-008,,,"AUDITS, NON-CONFORMITIES, INCIDENTS, NEAR MISSES, RISK ASSESSMENTS ETC.",,"2. Is a near-miss reporting and hazards identification program followed and promoted? Has the Master or crew reported any NCRs, incidents or near misses? Check follow-up.",,,,"All vessel types",,"Form B-008-Vessel Internal Audit checklist (3).md:138",B-008|x|6498b16deec2
B-008,,,"AUDITS, NON-CONFORMITIES, INCIDENTS, NEAR MISSES, RISK ASSESSMENTS ETC.",,"3. Have all responsible personnel been informed on non conformities, near misses, etc.?",,,,"All vessel types",,"Form B-008-Vessel Internal Audit checklist (3).md:139",B-008|x|e988b7d4f419
B-008,,,"AUDITS, NON-CONFORMITIES, INCIDENTS, NEAR MISSES, RISK ASSESSMENTS ETC.",,"4. Check NCRs identified by the last internal and external audits","PSC deficiencies may be also recorded as NCRs and PSC reports should be retained for 2 years",,,"All vessel types",,"Form B-008-Vessel Internal Audit checklist (3).md:140",B-008|x|1d86449dc3cd
B-008,,,"AUDITS, NON-CONFORMITIES, INCIDENTS, NEAR MISSES, RISK ASSESSMENTS ETC.",,"5. Are NCRs, Near Misses, etc. thoroughly investigated, analyzed and properly signed/closed out by responsible person(s) and the DMR? Verification of close-out of previous NCRs issued by internal or external auditors. Ensure corrective/preventive actions are implemented.",,,,"All vessel types",parenthetical_not_trailing;struck_through_partial_review,"Form B-008-Vessel Internal Audit checklist (3).md:141",B-008|x|9fd5bc627b6a
B-008,,,"AUDITS, NON-CONFORMITIES, INCIDENTS, NEAR MISSES, RISK ASSESSMENTS ETC.",,"6. Check all open items. Is a rectification schedule available for open items?",,,,"All vessel types",,"Form B-008-Vessel Internal Audit checklist (3).md:142",B-008|x|56ae44f3849a
B-008,,,"AUDITS, NON-CONFORMITIES, INCIDENTS, NEAR MISSES, RISK ASSESSMENTS ETC.",,"7. Was any incident happened since last internal audit? If yes, check Company’s reaction. Check all relevant reports/records.",,,,"All vessel types",,"Form B-008-Vessel Internal Audit checklist (3).md:143",B-008|x|991ed973c8b8
B-008,,,"AUDITS, NON-CONFORMITIES, INCIDENTS, NEAR MISSES, RISK ASSESSMENTS ETC.",,"8. Are conclusions from investigations used to reduce the risk of any recurrence or related incidents? Check Company’s follow up of such incidents and assistance provided to the ship.",,,,"All vessel types",,"Form B-008-Vessel Internal Audit checklist (3).md:144",B-008|x|1776565355e6
B-008,,,"AUDITS, NON-CONFORMITIES, INCIDENTS, NEAR MISSES, RISK ASSESSMENTS ETC.",,"9. Are there at least 2 people on board who are capable of conducting Incident investigations and Risk Assessments?",,,,"All vessel types",,"Form B-008-Vessel Internal Audit checklist (3).md:145",B-008|x|c160548d9a4e
B-008,,,"AUDITS, NON-CONFORMITIES, INCIDENTS, NEAR MISSES, RISK ASSESSMENTS ETC.",,"10. Check records/database of all Risk Assessments conducted.",,,,"All vessel types",,"Form B-008-Vessel Internal Audit checklist (3).md:146",B-008|x|6bd444acc81e
B-008,,,"HEALTH AND HYGIENE",,"1. Check Safety Officer’s inspection records, inspection of accommodation, etc.",,,,"All vessel types",,"Form B-008-Vessel Internal Audit checklist (3).md:155",B-008|x|2452ab567f8f
B-008,,,"HEALTH AND HYGIENE",,"2. Check health awareness campaigns to promote standards of housekeeping and hygiene.",,,,"All vessel types",,"Form B-008-Vessel Internal Audit checklist (3).md:156",B-008|x|760248a70753
B-008,,,"HEALTH AND HYGIENE",,"3. Is asbestos prohibited from being utilized onboard?",,,,"All vessel types",,"Form B-008-Vessel Internal Audit checklist (3).md:157",B-008|x|83d2fefc84e3
B-008,,,"HEALTH AND HYGIENE",,"4. Are public spaces, smoke rooms, mess rooms, sanitary areas, food storerooms/handling spaces, refrigerators, galleys and pantries clean, tidy and in a hygienic condition?",,,,"All vessel types",,"Form B-008-Vessel Internal Audit checklist (3).md:158",B-008|x|3f5259547108
B-008,,,"HEALTH AND HYGIENE",,"5. Are the galley’s filters clean?","A cause of fires is accumulation of unburnt fuel or fatty deposits in galley ranges, within flue pipes & in filter cowls of galley vents. Oil & deep fat fryers fitted with thermostats to cut off the electrical power. Thermostats working, fire damper at lowest duct position, fan stop outside galley, fire extinguisher, fire blanket etc.",,,"All vessel types",,"Form B-008-Vessel Internal Audit checklist (3).md:159",B-008|x|f3c1525ceb96
B-008,,,"HEALTH AND HYGIENE",,"6. Check inventory of medicines.","Medicine locker as per flag, check expiration dates of medicines",,,"All vessel types",,"Form B-008-Vessel Internal Audit checklist (3).md:160",B-008|x|d61a76ceb5fd
B-008,,,"HEALTH AND HYGIENE",,"7. Check Hospital","venting, alarm system, WC, sterilization equipment, resuscitation equipment O2, instruction manual, filled spare cylinders, mask with straps, medical gloves, first aid kit, Int. Medical Guide, etc.",,,"All vessel types",,"Form B-008-Vessel Internal Audit checklist (3).md:161",B-008|x|1244acbf63e8
B-008,,,"HEALTH AND HYGIENE",,"8. Is an Officer designated to take charge of medical care/hospital/medicines (Medical Officer)?",,,,"All vessel types",parenthetical_not_trailing,"Form B-008-Vessel Internal Audit checklist (3).md:162",B-008|x|28b0ddb40709
B-008,,,"HEALTH AND HYGIENE",,"9. Is the stretcher store position marked?",,,,"All vessel types",,"Form B-008-Vessel Internal Audit checklist (3).md:163",B-008|x|b99de076e20d
B-008,,,"HEALTH AND HYGIENE",,"10. Is the Company D&A policy posted in the public spaces?",,,,"All vessel types",,"Form B-008-Vessel Internal Audit checklist (3).md:164",B-008|x|a1b2ed0bd8b5
B-008,,,"HEALTH AND HYGIENE",,"11. Check records of the unannounced alcohol tests carried out to all crewmembers.",,,,"All vessel types",,"Form B-008-Vessel Internal Audit checklist (3).md:165",B-008|x|5f515f956fb6
B-008,,,"HEALTH AND HYGIENE",,"12. Record the date of the last unannounced D&A test: …………….",,date,"12. Record the date of the last unannounced D&A test","All vessel types",,"Form B-008-Vessel Internal Audit checklist (3).md:166",B-008|x|f097b8cfd9cb
B-008,,,"HEALTH AND HYGIENE",,"13. Are adequate resources available to care for the welfare of crew?","Accommodation, rest/recreation facilities, hygiene, air conditioning, access to ship/shore medical facilities, eligibility for compassionate leave, menu, etc",,,"All vessel types",,"Form B-008-Vessel Internal Audit checklist (3).md:167",B-008|x|998935512a2c
B-008,,,"HEALTH AND HYGIENE",,"14. Is the general condition, visual appearance, lighting and cleanliness of the external and internal spaces and the weather decks satisfactory? Check accommodation spaces.","Rails, cabin doors identified for each crewmember, lifesaving labels, no uncovered lights, open doors securing hooks, vent. & heating in order, etc.",,,"All vessel types",,"Form B-008-Vessel Internal Audit checklist (3).md:168",B-008|x|904c1d466977
B-008,,,"HEALTH AND HYGIENE",,"15. Are the provision refrigerator spaces alarms and thermometers in good order?",,,,"All vessel types",,"Form B-008-Vessel Internal Audit checklist (3).md:169",B-008|x|104274dc376c
B-008,,,"HEALTH AND HYGIENE",,"16. Are posters/signs and other markings in proper places?",,,,"All vessel types",,"Form B-008-Vessel Internal Audit checklist (3).md:170",B-008|x|e598ed1780fb
B-008,,,"HEALTH AND HYGIENE",,"17. For vessels with an Ice Class notation: Are ALL crew provided with suitable clothing and training?","Vessels equipped to maintain temperature in accommodation, protect the hull, deck machinery, pipelines, ventilators, air inlets, sea inlets and ballast system against freezing. Means to receive and display ice charts and ice navigation info should be installed. Protection to prevent wheelhouse windows from freezing should be provided. If wheelhouse not totally enclosed, protected locations on bridge wings & searchlights on each bridge wing should also be provided",,,"All vessel types",,"Form B-008-Vessel Internal Audit checklist (3).md:171",B-008|x|f35c42b7b86c
B-008,,,"HEALTH AND HYGIENE",,"18. Are adequate food and potable water supplies ensured and free-of-charge for the ship’s complement (taking in consideration forthcoming voyage)?",,,,"All vessel types",parenthetical_not_trailing,"Form B-008-Vessel Internal Audit checklist (3).md:172",B-008|x|6b4fee805d41
B-008,,,"HEALTH AND HYGIENE",,"19. Are smoking regulations posted and being adhered to and are smoke rooms identified?","Designated smoking areas within accommodation or E/R to be agreed with terminal. Notices to be posted in public areas stating which the smoking areas for this port are, and each smoking area to be identified at the access to the area. Smoking areas should not have doors or ports that open directly on open decks",,,"All vessel types",,"Form B-008-Vessel Internal Audit checklist (3).md:173",B-008|x|b190216131a0
B-008,,,"HEALTH AND HYGIENE",,"20. Are laundries free of accumulations of clothing that could constitute a fire hazard?",,,,"All vessel types",,"Form B-008-Vessel Internal Audit checklist (3).md:174",B-008|x|a40c9cef848c
B-008,,,"WORK PERMITS AND SAFE WORKING PRACTICES",,"1. Are portable gas and oxygen analyzers available onboard?",,,,"All vessel types",,"Form B-008-Vessel Internal Audit checklist (3).md:182",B-008|x|61b209482f37
B-008,,,"WORK PERMITS AND SAFE WORKING PRACTICES",,"2. Are the portable gas and oxygen analyzers instruction manuals available?",,,,"All vessel types",,"Form B-008-Vessel Internal Audit checklist (3).md:183",B-008|x|8dbf8c16fe0b
B-008,,,"WORK PERMITS AND SAFE WORKING PRACTICES",,"3. Are Officers familiar with their use and calibration? Check records of regular testing and calibration, as per manufacturers’ recommendations.",,,,"All vessel types",,"Form B-008-Vessel Internal Audit checklist (3).md:184",B-008|x|01f611dcc240
B-008,,,"WORK PERMITS AND SAFE WORKING PRACTICES",,"4. Is the available PPE onboard properly maintained and sufficient, taking in account extra sets that might be required for visitors / contractors / supernumeraries?",,,,"All vessel types",,"Form B-008-Vessel Internal Audit checklist (3).md:185",B-008|x|063a2b76f395
B-008,,,"WORK PERMITS AND SAFE WORKING PRACTICES",,"5. Is Hot work permit documentation properly maintained with evidence of proper communication with the Office?",,,,"All vessel types",,"Form B-008-Vessel Internal Audit checklist (3).md:186",B-008|x|ebb491889799
B-008,,,"WORK PERMITS AND SAFE WORKING PRACTICES",,"6. Is the crew properly trained for the applicable permit issuance system?",,,,"All vessel types",,"Form B-008-Vessel Internal Audit checklist (3).md:187",B-008|x|18e0e0bd8fd5
B-008,,,"WORK PERMITS AND SAFE WORKING PRACTICES",,"7. Compare shipboard maintenance records against the permits that might be necessary to be issued.",,,,"All vessel types",,"Form B-008-Vessel Internal Audit checklist (3).md:188",B-008|x|c69b192d67db
B-008,,,"WORK PERMITS AND SAFE WORKING PRACTICES",,"8. Is the electric welding equipment in good condition and instructions/safety guidelines posted?",,,,"All vessel types",,"Form B-008-Vessel Internal Audit checklist (3).md:189",B-008|x|282f053545fb
B-008,,,"CARGO AND OTHER OPERATIONS",,"1. Have stability and stress calculations, been performed for the current cargo operation? Are any limitations understood by the cargo watch Officers?","For the start, interim and completion of transfer. Regular monitoring of stress & stability should be taking place throughout cargo transfer",,,"All vessel types",,"Form B-008-Vessel Internal Audit checklist (3).md:198",B-008|x|90ce8007d919
B-008,,,"CARGO AND OTHER OPERATIONS",,"2. Is the vessel free of inherent intact stability problems?","Ascertain that vessel meets IMO intact stability criteria by requesting the C/O to demonstrate, using the class approved loading instrument, the intact stability at the worst case condition",,,"All vessel types",,"Form B-008-Vessel Internal Audit checklist (3).md:199",B-008|x|763b8532ee6d
B-008,,,"CARGO AND OTHER OPERATIONS",,"3. Has a Cargo/Ballast plan been prepared (detailed sequence) and followed?","It covers all stages of transfer operations and contains: quantity & grade of each parcel, density, temperature and other properties, a plan of the distribution, rates, critical stages of the operation, notice of rate change, venting requirements, stability & stress info, drafts and trims, ballast operations, Em. stop procedures, Em. spill procedures & hazards of the cargoes, and also, as required: UKC limitations, bunkering & special precautions required for the particular operation",,,"All vessel types",mangled_word:trSMS->trims,"Form B-008-Vessel Internal Audit checklist (3).md:200",B-008|x|e309e6f6e679
B-008,,,"CARGO AND OTHER OPERATIONS",,"4. Has the Cargo plan been signed by the watch Officers & Junior Officers to indicate understanding?",,,,"All vessel types",,"Form B-008-Vessel Internal Audit checklist (3).md:201",B-008|x|c697b0da5ebe
B-008,,,"CARGO AND OTHER OPERATIONS",,"5. Is the Master aware of the worst loading condition?",,,,"All vessel types",,"Form B-008-Vessel Internal Audit checklist (3).md:202",B-008|x|1846fa3251e6
B-008,,,"CARGO AND OTHER OPERATIONS",,"6. Check implementation/awareness of procedures for restoring stability in case of unstable conditions developing during cargo operations (where applicable).",,,,"All vessel types",,"Form B-008-Vessel Internal Audit checklist (3).md:203",B-008|x|01e23c244528
B-008,,,"CARGO AND OTHER OPERATIONS",,"7. Are the Cargo Operations filing/records up to date? Check forms/logbooks for completeness and accuracy of entries including rates, etc. Check if these are forwarded to the Company, as required.",,,,"All vessel types",,"Form B-008-Vessel Internal Audit checklist (3).md:204",B-008|x|2848666c7e6a
B-008,,,"CARGO AND OTHER OPERATIONS",,"8. Are the Officers familiar with the cargo handling procedures/equipment? Has relevant training been carried out?",,,,"All vessel types",,"Form B-008-Vessel Internal Audit checklist (3).md:205",B-008|x|0f02363a012f
B-008,,,"CARGO AND OTHER OPERATIONS",,"9. Are all Officers familiar with carriage requirements of cargoes on board?",,,,"All vessel types",,"Form B-008-Vessel Internal Audit checklist (3).md:206",B-008|x|5c2fb2808a82
B-008,,,"CARGO AND OTHER OPERATIONS",,"10. If a loading computer or program is in use, is it Class approved?","It should calculate SF & BM in any load or ballast condition at specified readout points and should indicate the permissible values",,,"All vessel types",,"Form B-008-Vessel Internal Audit checklist (3).md:207",B-008|x|f45679c56479
B-008,,,"CARGO AND OTHER OPERATIONS",,"11. Do records indicate that the loading computer is tested regularly for operational accuracy?","Class approved data should be used and the tests should be carried out at least quarterly",,,"All vessel types",,"Form B-008-Vessel Internal Audit checklist (3).md:208",B-008|x|943a3d36a0a6
B-008,,,"CARGO AND OTHER OPERATIONS",,"12. Is information on cargo loading limitations available?",,,,"All vessel types",,"Form B-008-Vessel Internal Audit checklist (3).md:209",B-008|x|2afe45396e70
B-008,,,"CARGO AND OTHER OPERATIONS",,"13. Is information on maximum cargo loading rates available/posted?",,,,"All vessel types",,"Form B-008-Vessel Internal Audit checklist (3).md:210",B-008|x|94e17a2e06f3
B-008,,,"CARGO AND OTHER OPERATIONS",,"14. Is a completed Ship/Shore Safety checklist available and followed?",,,,"All vessel types",,"Form B-008-Vessel Internal Audit checklist (3).md:211",B-008|x|2a5a41d1906d
B-008,,,"CARGO AND OTHER OPERATIONS",,"15. Are the trim, the drafts and the mooring arrangement been checked during cargo operations?",,,,"All vessel types",,"Form B-008-Vessel Internal Audit checklist (3).md:212",B-008|x|61db76d4ce9e
B-008,,,"CARGO AND OTHER OPERATIONS",,"16. Are weather forecasts received and assessed before commencing any operations?",,,,"All vessel types",,"Form B-008-Vessel Internal Audit checklist (3).md:213",B-008|x|17b50a596634
B-008,,,"CARGO AND OTHER OPERATIONS",,"17. Are scuppers properly plugged and is the deck area free of oil?",,,,"All vessel types",,"Form B-008-Vessel Internal Audit checklist (3).md:214",B-008|x|af3f400b6a48
B-008,,,"CARGO AND OTHER OPERATIONS",,"18. Are safety procedures related to cargo operations strictly adhered to?",,,,"All vessel types",,"Form B-008-Vessel Internal Audit checklist (3).md:215",B-008|x|073c1e37a1b8
B-008,,,"CARGO AND OTHER OPERATIONS",,"19. Is the pre-loading / pre-discharging plan sent to the Office for review?",,,,"All vessel types",,"Form B-008-Vessel Internal Audit checklist (3).md:216",B-008|x|8f9c984ddbcd
B-008,,,"CARGO AND OTHER OPERATIONS",,"20. Are voyage instructions and guidelines forwarded to the vessel regarding: - Details for the next port and the attending agent? - Possible mooring and depth restrictions for the next port of call? - Information for the next cargo? - Cargo loading / unloading particular requirements for the next cargo? - Expected bunkering operations? - Special navigation and sea traffic information? - Type and quantity of spare parts forwarded for delivery to the next port of call, etc.",,,,"All vessel types",,"Form B-008-Vessel Internal Audit checklist (3).md:217",B-008|x|6c6a983212b6
B-008,,,"MOORING AND ANCHORING",,"1. Is maintenance of mooring equipment conducted as per PMS? Check records of inspection and maintenance of mooring ropes, windlasses, winches, wires, etc.","Splicing of ropes is acceptable, but reduces strength by 10%. Splices in eyes and for repairs should have a min. of 5 tucks. Attention to eyes of mooring wires. If more than 3 broken wires in any strand, or 5 in any adjacent strands in a length of wire 10 times the diameter, the damaged part requires removal & the wire re-splicing. There shall be a routine for maintenance & lubrication of wires. Individually identified & tagged mooring lines allow them to be traced. A log of where they are deployed shall be maintained. Vessel MUST be fitted with closed chocks. Smit type brackets are NOT acceptable",,,"All vessel types",,"Form B-008-Vessel Internal Audit checklist (3).md:225",B-008|x|c171c64d4b60
B-008,,,"MOORING AND ANCHORING",,"2. Check certificates of all mooring ropes and wires","Check files showing locations of winches. Test certificates for mooring lines, Mandel/Tonsberg shackles & synthetic tails should show to which winch each component has been fitted",,,"All vessel types",,"Form B-008-Vessel Internal Audit checklist (3).md:226",B-008|x|30fc213758d2
B-008,,,"MOORING AND ANCHORING",,"3. Are there spare mooring ropes and wires available?",,,,"All vessel types",,"Form B-008-Vessel Internal Audit checklist (3).md:227",B-008|x|d98a5097e23f
B-008,,,"MOORING AND ANCHORING",,"4. Are moorings satisfactorily deployed and tended?",,,,"All vessel types",,"Form B-008-Vessel Internal Audit checklist (3).md:228",B-008|x|2b40c4381448
B-008,,,"MOORING AND ANCHORING",,"5. If mooring tails are fitted to wires, do they have proper connecting links and are they correctly fitted?",,,,"All vessel types",,"Form B-008-Vessel Internal Audit checklist (3).md:229",B-008|x|82175a231d7f
B-008,,,"MOORING AND ANCHORING",,"6. Are all mooring lines stowed neatly to minimise tripping hazards and are mooring areas clear and unobstructed?",,,,"All vessel types",,"Form B-008-Vessel Internal Audit checklist (3).md:230",B-008|x|784ce4081a1e
B-008,,,"MOORING AND ANCHORING",,"7. If bow stopper(s) are fitted, is there a certificate attesting to the SWL?",,,,"All vessel types",parenthetical_not_trailing,"Form B-008-Vessel Internal Audit checklist (3).md:231",B-008|x|d2f6df70f169
B-008,,,"MOORING AND ANCHORING",,"8. If mooring winches are electrically powered, are insulation tests carried out and results recorded?","The resistance should be above 1 Megohm. Falling insulation resistance indicates deterioration",,,"All vessel types",,"Form B-008-Vessel Internal Audit checklist (3).md:232",B-008|x|27cde0e6f0a2
B-008,,,"MOORING AND ANCHORING",,"9. Check records of tests of winch brakes.",,,,"All vessel types",,"Form B-008-Vessel Internal Audit checklist (3).md:233",B-008|x|f03e4569a44c
B-008,,,"MOORING AND ANCHORING",,"10. Do mooring winch foundations, brake linings, drums and pins in a satisfactory condition?",,,,"All vessel types",,"Form B-008-Vessel Internal Audit checklist (3).md:234",B-008|x|0ba5be8721c3
B-008,,,"MOORING AND ANCHORING",,"11. Are bitter end securing arrangements unobstructed and outside the chain locker?",,,,"All vessel types",,"Form B-008-Vessel Internal Audit checklist (3).md:235",B-008|x|3a1162660590
B-008,,,"MOORING AND ANCHORING",,"12. Are the anchors ready for use? (anchor chain cables and stoppers in good condition)",,,,"All vessel types",,"Form B-008-Vessel Internal Audit checklist (3).md:236",B-008|x|e7d7d61d7311
B-008,,,"MOORING AND ANCHORING",,"13. Are anchors and chains in good condition?",,,,"All vessel types",,"Form B-008-Vessel Internal Audit checklist (3).md:237",B-008|x|963fc6b2b1db
B-008,,,"DECK – DECK OFFICERS AND CREW",,"1. Has a Safety Officer been designated and trained to undertake this role?",,,,"All vessel types",,"Form B-008-Vessel Internal Audit checklist (3).md:245",B-008|x|4fba81c5b992
B-008,,,"DECK – DECK OFFICERS AND CREW",,"2. Are all deck openings, watertight doors, portholes, etc, in order and capable of being properly secured?",,,,"All vessel types",,"Form B-008-Vessel Internal Audit checklist (3).md:246",B-008|x|fcaff297f87a
B-008,,,"DECK – DECK OFFICERS AND CREW",,"3. Are all alarms regularly tested (with the main and em. source of power) and in order?",,,,"All vessel types",parenthetical_not_trailing,"Form B-008-Vessel Internal Audit checklist (3).md:247",B-008|x|7bffdc50d062
B-008,,,"DECK – DECK OFFICERS AND CREW",,"4. Are there sufficient approved portable radios operational for cargo/mooring operations?",,,,"All vessel types",,"Form B-008-Vessel Internal Audit checklist (3).md:248",B-008|x|0d167f1af646
B-008,,,"DECK – DECK OFFICERS AND CREW",,"5. Are all emergency systems & equipment operational and are starting/operating instructions posted?",,,,"All vessel types",,"Form B-008-Vessel Internal Audit checklist (3).md:249",B-008|x|6b371ef24f2b
B-008,,,"DECK – DECK OFFICERS AND CREW",,"6. Are all stores and loose gear on deck, in stores and in internal spaces properly secured?",,,,"All vessel types",,"Form B-008-Vessel Internal Audit checklist (3).md:250",B-008|x|6125d31e1bba
B-008,,,"DECK – DECK OFFICERS AND CREW",,"7. Are all Officers familiar with LSA, FFE and all emergency and critical systems/equipment?","i.e. main and em. fire pumps, st. gear in the emergency mode, donning and use of BA and oxygen resuscitation equipment, etc",,,"All vessel types",,"Form B-008-Vessel Internal Audit checklist (3).md:251",B-008|x|10b36f2f7d18
B-008,,,"DECK – DECK OFFICERS AND CREW",,"8. Are alleyways free of obstructions and exits clearly marked?",,,,"All vessel types",,"Form B-008-Vessel Internal Audit checklist (3).md:252",B-008|x|5d7362d4934d
B-008,,,"DECK – DECK OFFICERS AND CREW",,"9. Are the fire doors operating satisfactorily?",,,,"All vessel types",,"Form B-008-Vessel Internal Audit checklist (3).md:253",B-008|x|603844c84bce
B-008,,,"DECK – DECK OFFICERS AND CREW",,"10. Is the fire plan available in the accommodation and in watertight containers outside the accommodation P&S? Is a crew list included?",,,,"All vessel types",,"Form B-008-Vessel Internal Audit checklist (3).md:254",B-008|x|986d758da848
B-008,,,"DECK – DECK OFFICERS AND CREW",,"11. Are Oxygen/Acetylene bottles located to a dedicated, marked and ventilated space, outside of the accommodation and the E/R? Are there instructions and warnings signs posted (bottles to be closed when not in use)?",,,,"All vessel types",parenthetical_not_trailing,"Form B-008-Vessel Internal Audit checklist (3).md:255",B-008|x|4ebbc379bf98
B-008,,,"DECK – DECK OFFICERS AND CREW",,"12. Are vent fire flaps, vent fan stops and funnel dampers marked and in good condition?",,,,"All vessel types",,"Form B-008-Vessel Internal Audit checklist (3).md:256",B-008|x|ae8cdbdf5f3d
B-008,,,"DECK – DECK OFFICERS AND CREW",,"13. Are the ventilation ducts and air pipes marked with serving space name and equipped with satisfactory closing arrangements?",,,,"All vessel types",,"Form B-008-Vessel Internal Audit checklist (3).md:257",B-008|x|116ff7410137
B-008,,,"DECK – DECK OFFICERS AND CREW",,"14. Are fixed fire detection & alarm systems in order and tested regularly?","There shall be a procedure for whenever a zone of fire detection is isolated to ensure that relevant crew is aware of isolation & reason and to ensure that zone is reinstated asap. The E/R shall not be operated unmanned with any zone in space isolated. Spaces not covered by fire detection shall be covered by regular fire patrols. Such patrols shall not utilise bridge lookout during darkness",,,"All vessel types",,"Form B-008-Vessel Internal Audit checklist (3).md:258",B-008|x|97c1d7938d9a
B-008,,,"DECK – DECK OFFICERS AND CREW",,"15. Are ship-specific LSA maintenance instructions available and are weekly, monthly, etc. inspections being carried out? Check maintenance, testing and inspections.","Instructions illustrated when possible and include for each appliance: •Maintenance & repair instructions; •A schedule of periodic maintenance; •A diagram of lubrication points with recommended lubricants; •List of replaceable parts; and •List of sources of spare parts. The following tests and inspections to be carried out weekly: •All survival craft, rescue boats and launching appliances; •All engines in lifeboats and rescue boats run. Gear box and gear box train engage satisfactorily. Test general em. alarm",,,"All vessel types",,"Form B-008-Vessel Internal Audit checklist (3).md:259",B-008|x|23e305d9dc90
B-008,,,"DECK – DECK OFFICERS AND CREW",,"16. Are the locations of LSA and FFE marked with IMO Res.A760 (as amended by MSC .82(70)) symbols and operating instructions posted?","Easily seen under emergency lighting conditions. Containers, brackets, racks and stowage locations to be marked. If more than one device is stowed in a location, the number of devices shall also be indicated",,,"All vessel types",,"Form B-008-Vessel Internal Audit checklist (3).md:260",B-008|x|d266b2f9f7b3
B-008,,,"DECK – DECK OFFICERS AND CREW",,"17. Are the lifejackets in order, equipped with light, whistle and reflective tape?",,,,"All vessel types",,"Form B-008-Vessel Internal Audit checklist (3).md:261",B-008|x|e0b584ff3969
B-008,,,"DECK – DECK OFFICERS AND CREW",,"18. Are there lifejackets available to the forward store, the bridge and the engine control room?",,,,"All vessel types",,"Form B-008-Vessel Internal Audit checklist (3).md:262",B-008|x|5907604b0be0
B-008,,,"DECK – DECK OFFICERS AND CREW",,"19. Are liferafts secured correctly, in good condition and ready for use?",,,,"All vessel types",,"Form B-008-Vessel Internal Audit checklist (3).md:263",B-008|x|cef1cb05118d
B-008,,,"DECK – DECK OFFICERS AND CREW",,"20. Is there a manrope available to the forward liferaft?",,,,"All vessel types",,"Form B-008-Vessel Internal Audit checklist (3).md:264",B-008|x|7683af6287dd
B-008,,,"DECK – DECK OFFICERS AND CREW",,"21. Are the liferaft hydrostatic release units valid, in good condition and correctly mounted?",,,,"All vessel types",,"Form B-008-Vessel Internal Audit checklist (3).md:265",B-008|x|58fbc3edc2c9
B-008,,,"DECK – DECK OFFICERS AND CREW",,"22. Is the rescue boat, including its equipment and launching arrangement in order?",,,,"All vessel types",,"Form B-008-Vessel Internal Audit checklist (3).md:266",B-008|x|eb72935d87ab
B-008,,,"DECK – DECK OFFICERS AND CREW",,"23. Are the lifeboats and embarkation ladders in order and ready for use? (Check for expired equipment).",,,,"All vessel types",,"Form B-008-Vessel Internal Audit checklist (3).md:267",B-008|x|51067bb71fe0
B-008,,,"DECK – DECK OFFICERS AND CREW",,"24. Is there a maintenance and test schedule for lifeboat on-load release gear?",,,,"All vessel types",,"Form B-008-Vessel Internal Audit checklist (3).md:268",B-008|x|f32174c60967
B-008,,,"DECK – DECK OFFICERS AND CREW",,"25. Are immersion suits in a satisfactory condition? Are they distributed as per SOLAS requirements?",,,,"All vessel types",,"Form B-008-Vessel Internal Audit checklist (3).md:269",B-008|x|0a0dc7cc4878
B-008,,,"DECK – DECK OFFICERS AND CREW",,"26. Are lifebuoys, lights, buoyant lines, quick release mechanisms and self-activating smoke floats in order?","Lifebuoys capable of being rapidly cast loose and not permanently secured. At least one lifebuoy on each side of the ship to be fitted with a buoyant line>twice the height at which it is stowed above waterline in lightest seagoing condition, or 30 m., whichever is the greater. Half of total lifebuoys provided with self-igniting lights. Two also provided with lifebuoy self-activating smoke signals capable of quick release from bridge. Lifebuoys with lights and those with lights & smoke signals shall be distributed equally on P&S and shall not be the lifebuoys provided with lifelines. Lifebuoys intended to operate the quick-release arrangement provided for the self-activated smoke signals and self-igniting lights shall have a mass sufficient to operate the quick release arrangement",,,"All vessel types",escaped_comparison_operator,"Form B-008-Vessel Internal Audit checklist (3).md:270",B-008|x|5627a7730e71
B-008,,,"DECK – DECK OFFICERS AND CREW",,"27. Check the ""man-overboard"" lifebuoys and the release device.",,,,"All vessel types",,"Form B-008-Vessel Internal Audit checklist (3).md:271",B-008|x|ffc131804fe6
B-008,,,"DECK – DECK OFFICERS AND CREW",,"28. Are safety signs used according to IMO requirements?",,,,"All vessel types",,"Form B-008-Vessel Internal Audit checklist (3).md:272",B-008|x|a8c012c2f2b9
B-008,,,"DECK – DECK OFFICERS AND CREW",,"29. Are the fire lockers / stations marked and fully equipped? Are hoses and nozzles in order and ready for use? (Randomly select and check isolating valves).",,,,"All vessel types",,"Form B-008-Vessel Internal Audit checklist (3).md:273",B-008|x|8b178d12109e
B-008,,,"DECK – DECK OFFICERS AND CREW",,"30. Are the fire extinguishers in order, valid and operating instructions posted on them?",,,,"All vessel types",,"Form B-008-Vessel Internal Audit checklist (3).md:274",B-008|x|cb116e9551ab
B-008,,,"DECK – DECK OFFICERS AND CREW",,"31. Are the fireman outfits in order and their position clearly marked?",,,,"All vessel types",,"Form B-008-Vessel Internal Audit checklist (3).md:275",B-008|x|8b6350bf32ce
B-008,,,"DECK – DECK OFFICERS AND CREW",,"32. Are the BA sets ready for use and their bottles full? Are there spare bottles available?",,,,"All vessel types",,"Form B-008-Vessel Internal Audit checklist (3).md:276",B-008|x|5a1da0aaae1e
B-008,,,"DECK – DECK OFFICERS AND CREW",,"33. Is there a BA compressor available and in order?",,,,"All vessel types",,"Form B-008-Vessel Internal Audit checklist (3).md:277",B-008|x|6f7bf333c3b8
B-008,,,"DECK – DECK OFFICERS AND CREW",,"34. Are the fire pumps and the em. fire pump operational and starting/operating instructions posted?",,,,"All vessel types",,"Form B-008-Vessel Internal Audit checklist (3).md:278",B-008|x|6137ec8df536
B-008,,,"DECK – DECK OFFICERS AND CREW",,"35. Are EEBDs in accommodation (at least 2), E/R, etc. , in order and ready for use? Training in their use is mandatory. Spares shall be kept.","Duration>10 minutes. Brief instructions or diagrams illustrating their use shall be printed on EEBD. An EEBD, when stored, shall be protected from the environment. Maintenance requirements, serial No. , date of manufacture and shelf life shall be also printed. Training EEBD’s shall be clearly marked",,,"All vessel types",escaped_comparison_operator,"Form B-008-Vessel Internal Audit checklist (3).md:279",B-008|x|ff1ddec37de4
B-008,,,"DECK – DECK OFFICERS AND CREW",,"36. Are ship-specific FFE maintenance instructions available and are weekly, monthly, etc. inspections being carried out? Check maintenance, testing and inspections.","Maintenance plan include: Fire mains, fire pumps & hydrants, hoses, nozzles & Int. shore connections; Fixed fire detection & fire alarm systems; Fixed fire extinguishing systems & other fire extinguishing appliances; Automatic sprinkler, Vent. systems, including fire & smoke dampers, fans and their controls; Emergency shutdown of fuel supply; Fire doors and their controls; General em. alarm systems; EEBDs; Portable fire extinguishers and spare charges; Fire fighter’s-outfits; and Flammable gas detectors",,,"All vessel types",,"Form B-008-Vessel Internal Audit checklist (3).md:280",B-008|x|ffe61324881e
B-008,,,"DECK – DECK OFFICERS AND CREW",,"37. Is there fire fighting equipment available in the paint store and in good condition?","Fixed automatic or manually activated system or portable fire extinguisher",,,"All vessel types",,"Form B-008-Vessel Internal Audit checklist (3).md:281",B-008|x|cde0321c87be
B-008,,,"DECK – DECK OFFICERS AND CREW",,"38. Check records of regular inspection and testing of lifting devices, wire slings, cranes, portable and beam chain blocks, pad eyes, lifting beams etc.",,,,"All vessel types",,"Form B-008-Vessel Internal Audit checklist (3).md:282",B-008|x|e6e591c6bff2
B-008,,,"DECK – DECK OFFICERS AND CREW",,"39. Is the helicopter landing /winching space marked?",,,,"All vessel types",,"Form B-008-Vessel Internal Audit checklist (3).md:283",B-008|x|0090494c5bbb
B-008,,,"DECK – DECK OFFICERS AND CREW",,"40. Are all cargo derricks, cranes and other lifting equipment in order, marked (SWL) and has periodical testing and inspection been carried out? Check records. (Cargo lifting equipment shall be load tested every 5 years & examined by a competent person annually. Other lifting eq. is not regulated except as required by Class, but shall be tested and examined similarly.",,,,"All vessel types",unbalanced_parenthesis,"Form B-008-Vessel Internal Audit checklist (3).md:284",B-008|x|9b001b1c6fbf
B-008,,,"DECK – DECK OFFICERS AND CREW",,"41. Do decks in working areas have clearly identified non-slip surfaces?",,,,"All vessel types",,"Form B-008-Vessel Internal Audit checklist (3).md:285",B-008|x|0fd3d8c5f457
B-008,,,BRIDGE-NAVIGATION,,"1. Are there fire extinguishers available on the bridge and in the GMDSS room?",,,,"All vessel types",,"Form B-008-Vessel Internal Audit checklist (3).md:293",B-008|x|bf7dbe8a1807
B-008,,,BRIDGE-NAVIGATION,,"2. Is the watch schedule posted on the bridge? Ensure adequacy of bridge manning levels against actual navigational conditions.",,,,"All vessel types",,"Form B-008-Vessel Internal Audit checklist (3).md:294",B-008|x|d8f2763ece6a
B-008,,,BRIDGE-NAVIGATION,,"3. Are the duties of the watch-standing officers and ratings defined/posted?",,,,"All vessel types",,"Form B-008-Vessel Internal Audit checklist (3).md:295",B-008|x|dc8cab5c5ce2
B-008,,,BRIDGE-NAVIGATION,,"4. Are the Master’s Standing/Bridge orders posted/logged? Have the deck officers countersigned them as being read and understood? Are the Standing Orders in compliance with the Company’s policies (e.g. for restricted visibility, CPA, etc.), or only deviating towards safety?",,,,"All vessel types",parenthetical_not_trailing,"Form B-008-Vessel Internal Audit checklist (3).md:296",B-008|x|aff45f027cb1
B-008,,,BRIDGE-NAVIGATION,,"5. Check instructions for calling the Master, for restricted visibility and for CPA. Are the Officers aware of the minimum Company’s CPA requirements?",,,,"All vessel types",,"Form B-008-Vessel Internal Audit checklist (3).md:297",B-008|x|4cf9dccccef3
B-008,,,BRIDGE-NAVIGATION,,"6. Is a look-out maintained at all times when the vessel is at sea?","The OOBW may be the sole look-out in daylight provided that on each occasion the situation has been assessed and it has been established that it is safe to do so; Full account has been taken of all relevant factors i.e. weather, visibility, traffic density, proximity of dangers to navigation and attention necessary when navigating in or near traffic separation schemes; Assistance is available to be summoned to bridge when any change so requires",,,"All vessel types",,"Form B-008-Vessel Internal Audit checklist (3).md:298",B-008|x|7638232a731d
B-008,,,BRIDGE-NAVIGATION,,"7. Is the position fixing carried out according the Company’s requirements (check intervals of position fixing at various navigation conditions?",,,,"All vessel types",unbalanced_parenthesis,"Form B-008-Vessel Internal Audit checklist (3).md:299",B-008|x|b1abbfd35290
B-008,,,BRIDGE-NAVIGATION,,"8. Are periodical tests of communications equipment being carried out?","Daily: •Proper functioning of DSC facilities without radiation of signals; •Battery voltage checks; •Printers. Weekly: •Function of DSC by means of a test call when within communication range of a coast station; •Where the reserve source of energy is not batteries, the reserve source to be tested. Monthly: •Each EPIRB tested to determine its capability to operate properly using the means provided on device and without using the satellite system; •Each SART using the in-built test facility and checked for security & damage; •Security & condition of all batteries providing a source of energy for any part of radio installation; • Condition of all aerials & insulators; •Each survival craft two-way VHF equipment, on a frequency other than channel 16",,,"All vessel types",,"Form B-008-Vessel Internal Audit checklist (3).md:300",B-008|x|c8f867766f9c
B-008,,,BRIDGE-NAVIGATION,,"9. Is the GMDSS Log being maintained correctly?","The following to be recorded: • A summary of distress, urgency & safety communications; • Important incidents relating to radio service; • Where appropriate, the position of ship at least once per day; • A summary of condition of radio eq., including its sources of energy; • Personnel assigned responsibility for sending a distress alert instructed to operate properly all radio eq.; • Necessary info on use of radio eq. to relevant crewmembers; • Pre-sailing checks to ensure all equipment is in working condition; • Results of testing of DSC distress & safety radio eq. by means of a test call at least once a week; • Results of testing of distress & safety radio eq. by means of test at least once each day but without radiating any signal; • The on-load and off-load daily test of batteries; • Results of weekly hydrometer or load test of batteries; • Results of monthly security check of each battery and its connections",,,"All vessel types",,"Form B-008-Vessel Internal Audit checklist (3).md:301",B-008|x|135d7569f654
B-008,,,BRIDGE-NAVIGATION,,"10. Are there operating instructions posted for the various navigation and communication equipment? Are instructions for operating the digital selective calling (DSC) and satellite communications equipment in an emergency displayed?",,,,"All vessel types",parenthetical_not_trailing,"Form B-008-Vessel Internal Audit checklist (3).md:302",B-008|x|7378eacd841f
B-008,,,BRIDGE-NAVIGATION,,"11. Are all alarms operational? Check alarms test schedules, checks carried out/dates/signatures.",,,,"All vessel types",,"Form B-008-Vessel Internal Audit checklist (3).md:303",B-008|x|5e238ea0c454
B-008,,,BRIDGE-NAVIGATION,,"12. Are all check lists related to navigation correctly completed and properly filed?",,,,"All vessel types",,"Form B-008-Vessel Internal Audit checklist (3).md:304",B-008|x|90ae2e61eb32
B-008,,,BRIDGE-NAVIGATION,,"13. Is the Bridge Bell Book properly maintained?",,,,"All vessel types",,"Form B-008-Vessel Internal Audit checklist (3).md:305",B-008|x|1ee63bfd6474
B-008,,,BRIDGE-NAVIGATION,,"14. Is the Chronometer Rate Book properly maintained?",,,,"All vessel types",,"Form B-008-Vessel Internal Audit checklist (3).md:306",B-008|x|e4fc14a6c790
B-008,,,BRIDGE-NAVIGATION,,"15. Is the Bridge logbook correctly maintained with all required entries in ink?","Position, course, speed, times & positions when passing waypoints, land or sea marks, weather & sea conditions, incidents, pilot embarkation/ disembarkation, times of attendance and connection/disconnection of tugs, times of berthing/unberthing, etc. An electronic chart display system with GPS input (provided the equipment is in order and the datum used in each case is the same) provides a good record of the navigational activities",,,"All vessel types",,"Form B-008-Vessel Internal Audit checklist (3).md:307",B-008|x|8751d462d919
B-008,,,BRIDGE-NAVIGATION,,"16. Is the Radar log properly maintained?",,,,"All vessel types",,"Form B-008-Vessel Internal Audit checklist (3).md:308",B-008|x|f4757ef97329
B-008,,,BRIDGE-NAVIGATION,,"17. Is there a flag locker equipped with complete set of signalling flags?",,,,"All vessel types",,"Form B-008-Vessel Internal Audit checklist (3).md:309",B-008|x|af38f9508c8e
B-008,,,BRIDGE-NAVIGATION,,"18. Is the wheelhouse poster/ship’s manoeuvring characteristics posted on the bridge?",,,,"All vessel types",,"Form B-008-Vessel Internal Audit checklist (3).md:310",B-008|x|9c33b1d9b019
B-008,,,BRIDGE-NAVIGATION,,"19. Are procedures for the testing of bridge equipment before arrival and departure properly followed?",,,,"All vessel types",,"Form B-008-Vessel Internal Audit checklist (3).md:311",B-008|x|df8d1c2d1cca
B-008,,,BRIDGE-NAVIGATION,,"20. Is the steering gear auto to manual change over and em. steering change over procedure posted?",,,,"All vessel types",,"Form B-008-Vessel Internal Audit checklist (3).md:312",B-008|x|8dacdce321e1
B-008,,,BRIDGE-NAVIGATION,,"21. Is the GMDSS distress alarm operational and regularly tested?",,,,"All vessel types",,"Form B-008-Vessel Internal Audit checklist (3).md:313",B-008|x|947da1dff217
B-008,,,BRIDGE-NAVIGATION,,"22. Is the GMDSS shore based maintenance contract available and valid?",,,,"All vessel types",,"Form B-008-Vessel Internal Audit checklist (3).md:314",B-008|x|59b35f0e841a
B-008,,,BRIDGE-NAVIGATION,,"23. Check all internal communication systems (telephones, public address system).",,,,"All vessel types",,"Form B-008-Vessel Internal Audit checklist (3).md:315",B-008|x|b4b1cc7bee9a
B-008,,,BRIDGE-NAVIGATION,,"24. Is the safety signals poster posted on the bridge?",,,,"All vessel types",,"Form B-008-Vessel Internal Audit checklist (3).md:316",B-008|x|cb9e35926ba5
B-008,,,BRIDGE-NAVIGATION,,"25. Is there a magnetic compass deviation card available and posted (up date annually)? Are gyro and magnetic compass errors being taken at every watch and recorded in Compass Error Book & broadly agree (difference< 3 degree) with the deviation card? Are all compass repeaters correctly adjusted?","A comparison between magnetic & gyro headings shall be made at each course alteration & recorded. The error of gyro shall be determined by external observations, celestial bearings, transits etc. and the gyro & magnetic compass headings then compared to determine the magnetic compass error. Where a gyro repeater is used to take a bearing, an accurate comparison between the repeater & master gyro shall be made",,,"All vessel types",escaped_comparison_operator,"Form B-008-Vessel Internal Audit checklist (3).md:317",B-008|x|27c58dc41a61
B-008,,,BRIDGE-NAVIGATION,,"26. Are all nautical publications of current edition and maintained up to date?","Light lists, pilot books (with supplement), radio signals (for RDF), port entry information (last edition - no corrections allowed), tide tables (last edition – no corrections allowed), radio lists, sailing directions, Chart Catalogue, International code of signals, Naut. Almanac, Ship's Routing, NtM, Annual Summary of NtM, etc. and all other publications necessary for the intended voyage",,,"All vessel types",,"Form B-008-Vessel Internal Audit checklist (3).md:318",B-008|x|172f37518d32
B-008,,,BRIDGE-NAVIGATION,,"27. Is the chart correction procedure followed (Chart correction book updated, charts corrected according to the last Notice to Mariners, etc.)? Are T&P Notices taken in account (as applicable)? Are all paper and where applicable electronic charts fully provided (last edition) and corrected for the intended voyage? Are all shallow waters for the indented voyage noted on charts? Check UKC and calculation of Squat and over-head clearance.",,,,"All vessel types",parenthetical_not_trailing,"Form B-008-Vessel Internal Audit checklist (3).md:319",B-008|x|e7bb566f8737
B-008,,,BRIDGE-NAVIGATION,,"28. Are all superseded / out dated charts and nautical publications destroyed/put apart?",,,,"All vessel types",,"Form B-008-Vessel Internal Audit checklist (3).md:320",B-008|x|58d6f433b78c
B-008,,,BRIDGE-NAVIGATION,,"29. Is there a passage plan available for the last voyage (berth to berth) and correctly completed?",,,,"All vessel types",parenthetical_not_trailing,"Form B-008-Vessel Internal Audit checklist (3).md:321",B-008|x|05134eed7ba6
B-008,,,BRIDGE-NAVIGATION,,"30. Were the charts used for the previous voyage appropriate (largest scale)?","Check charts of the complete previous voyage, use of correct traffic separation zones, chart preparation, course safe & highlighted, passing distances safe & highlighted, after course points highlighted, hazards highlighted & safe water limits marked, maintenance of safe distance off the coast, avoidance of prohibited areas & dangerous wrecks, adherence to printed notes on charts, etc",,,"All vessel types",,"Form B-008-Vessel Internal Audit checklist (3).md:322",B-008|x|f4a223cfbcad
B-008,,,BRIDGE-NAVIGATION,,"31. Was position fixing satisfactory throughout the previous voyage and the frequency of plotted fixes in accordance with the passage plan?","The OOW: Uses dead reckoning techniques to check position fixes; Cross-checks position fixes using independent sources of information. This is important when electronic position fixing systems such as GPS are used; Uses visual navigation aids to support electronic position-fixing methods i.e. landmarks in coastal areas and celestial navigation in open waters. The safe progress of the ship along the planned tracks shall be closely monitored at all times. This will include regularly fixing the position of ship, particularly after each course alteration",,,"All vessel types",,"Form B-008-Vessel Internal Audit checklist (3).md:323",B-008|x|3319c5897e22
B-008,,,BRIDGE-NAVIGATION,,"32. Are there more than one position fixing methods used/charted, where possible? Was radar parallel indexing used to monitor the position of the vessel?","Fixed points i.e. lighthouses & headlands shall be used in preference to floating objects, which shall be checked for position before being used for parallel indexing. Visual and radar position fixing and monitoring techniques should be used whenever possible. GPS positions should always be verified",,,"All vessel types",,"Form B-008-Vessel Internal Audit checklist (3).md:324",B-008|x|6803f2fb7dac
B-008,,,BRIDGE-NAVIGATION,,"33. During pilotage was the position of the vessel adequately monitored?",,,,"All vessel types",,"Form B-008-Vessel Internal Audit checklist (3).md:325",B-008|x|6d110a943d65
B-008,,,BRIDGE-NAVIGATION,,"34. Is the echo sounder operational and logging paper available? Was it in operation during approaching, prior departure and while in shallow waters? Is the start–stop date and time recorded in the Bridge logbook?",,,,"All vessel types",,"Form B-008-Vessel Internal Audit checklist (3).md:326",B-008|x|778cff8450c4
B-008,,,BRIDGE-NAVIGATION,,"35. Is the echo sounder recorder marked with a reference date and time on each occasion it is switched on?","The date and time of passing significant land or seamarks should be marked. Electronic echo sounders have an inbuilt 24-hour memory which can be recalled. If an electronic memory is not provided, there should be a printed record",,,"All vessel types",,"Form B-008-Vessel Internal Audit checklist (3).md:327",B-008|x|bbc9885a67e3
B-008,,,BRIDGE-NAVIGATION,,"36. Are radio emergency batteries in a satisfactory condition and fully charged? If applicable, is the emergency radio battery log up to date? (Where a reserve source of energy consists of rechargeable accumulator batteries,",,,,"All vessel types",unbalanced_parenthesis,"Form B-008-Vessel Internal Audit checklist (3).md:328",B-008|x|8d2b6cd87c98
B-008,,,BRIDGE-NAVIGATION,,"37. Is the bridge equipment Battery log book correctly completed?",,,,"All vessel types",,"Form B-008-Vessel Internal Audit checklist (3).md:329",B-008|x|95b28b05ce33
B-008,,,BRIDGE-NAVIGATION,,"38. Has the GPS been adjusted to the correct datum?","GPS is referenced to WGS84 & GPS receiver shall maintain referenced to that datum. Hydrographic offices are changing charts to WGS84 and these charts include the legend “WGS84 positions can be plotted directly on this chart”. Some charts contain info on lat. and long. shift values that should be applied to GPS positions before charted. Occasionally these can be significant, and many charts still show land or obstructions in wrong position when compared with GPS data. Accuracy of positions using GPS can be affected by differences in datums, solar activity & powerful radar or radio transmissions, including deliberate jamming. Discrepancies in charted positions of obstructions can also introduce differences between GPS positions & traditional methods",,,"All vessel types",,"Form B-008-Vessel Internal Audit checklist (3).md:330",B-008|x|873b3800bda1
B-008,,,BRIDGE-NAVIGATION,,"39. Is there an adequate system for dealing with navigation warnings, NAVTEX warnings, weather reports, etc. and are they being charted/properly filed?","Check adequacy and up to date filing system for Temporary & Preliminary Notices, Navarea and Navtex. Warnings must be charted and chart they have been entered on must be recorded on the warning notice in order that the warning can be removed when notice is cancelled. The OOW should sign the warnings received to show that they have been checked. Those which are relevant should be charted",,,"All vessel types",,"Form B-008-Vessel Internal Audit checklist (3).md:331",B-008|x|31f6b0e99af8
B-008,,,BRIDGE-NAVIGATION,,"40. Are GMDSS VHFs provided with dedicated primary batteries for use in the event of a distress, equipped with a non-replaceable seal to indicate that it has not been used?",,,,"All vessel types",,"Form B-008-Vessel Internal Audit checklist (3).md:332",B-008|x|802f9388ada2
B-008,,,BRIDGE-NAVIGATION,,"41. Is the rudder position indicator, the engine RPM indicator and the propeller pitch indicator visible from the bridge wings?",,,,"All vessel types",,"Form B-008-Vessel Internal Audit checklist (3).md:333",B-008|x|f94e047d9d39
B-008,,,BRIDGE-NAVIGATION,,"42. Are pyrotechnics and the line throwing apparatus in date and in order?","12 rocket parachute flares on or near the bridge. Check line throwing appliance (4 projectiles, 4 lines and instructions). An illustrated table describing the life-saving signals to be available to the OOW",,,"All vessel types",,"Form B-008-Vessel Internal Audit checklist (3).md:334",B-008|x|04331af9d7b9
B-008,,,BRIDGE-NAVIGATION,,"43. Are survival craft portable VHF radios and SARTs in good order and charged?",,,,"All vessel types",,"Form B-008-Vessel Internal Audit checklist (3).md:335",B-008|x|8f8339e7ae0f
B-008,,,BRIDGE-NAVIGATION,,"44. Are the vessel’s Call Sign and Inmarsat ship station identity marked on the radio installation?",,,,"All vessel types",,"Form B-008-Vessel Internal Audit checklist (3).md:336",B-008|x|fa53df8e6c95
B-008,,,BRIDGE-NAVIGATION,,"45. Are Officers aware of the requirements for position updating on two-way communications equipment?","All two-way communication equipment which is capable of automatically including ship’s position in distress alert shall be automatically provided with this info from an internal or external navigation receiver. If such a receiver is not installed, the ship’s position and time at which it was determined shall be manually updated every 4 hours, while ship is underway, so that it is always ready for transmission by the equipment",,,"All vessel types",,"Form B-008-Vessel Internal Audit checklist (3).md:337",B-008|x|cb6975eef334
B-008,,,BRIDGE-NAVIGATION,,"46. Check correct updating of publications in the Bridge library",,,,"All vessel types",,"Form B-008-Vessel Internal Audit checklist (3).md:338",B-008|x|32652916b0f4
B-008,,,BRIDGE-NAVIGATION,,"47. Check sufficient awareness of VDR/SVDR post-incident data retrieval",,,,"All vessel types",,"Form B-008-Vessel Internal Audit checklist (3).md:339",B-008|x|d9bfc85eb1b0
B-008,,,BRIDGE-NAVIGATION,,"48. Ensure awareness about BNWAS and correct implementation of settings and custody of keys.",,,,"All vessel types",,"Form B-008-Vessel Internal Audit checklist (3).md:340",B-008|x|3cd64193df26
B-008,,,BRIDGE-NAVIGATION,,"49. Is the course recorder operational and set to local or GMT time?",,,,"All vessel types",,"Form B-008-Vessel Internal Audit checklist (3).md:341",B-008|x|48eb77084319
B-008,,,BRIDGE-NAVIGATION,,"50. Is the auto pilot off course alarm operational and daily checked?",,,,"All vessel types",,"Form B-008-Vessel Internal Audit checklist (3).md:342",B-008|x|b8e95566ddfb
B-008,,,BRIDGE-NAVIGATION,,"51. Is EPIRB fitted, armed, labelled correctly and inspected as per manufacturer’s requirements?","Accessible, ready to be manually released & capable of being carried by one person into a survival craft, capable of floating free if ship sinks, automatically activated when afloat & capable of being activated manually. EPIRB tested every 12 months with emphasis on frequency stability, signal strength & coding. Vessel’s name, serial number & maritime mobile services identity (MMSI or 15 Hex ID) indicated on EPIRB. Inspection of EPIRB include: •Inspection of housing; •Inspection of hydrostatic release unit to ensure it is in order and in date. Releases to be renewed after 2 years; •Inspection of lanyard, which should be neatly stowed and not attached to ship; •Markings remain decipherable; •Battery in order & in date; •Carry out a self test. Most EPIRB have a self test facility (usually a spring-loaded switch). When activated a light will indicate that test circuits are operating correctly and sometimes this will also activate the strobe light. The self test switch be held for no more than 2 flashes of strobe light, or no longer than 1 min. after the first self-test mode burst transmission. When the self-test is activated on a 406 MHz EPIRB, the EPIRB is allowed to radiate a single burst which is coded so that it is ignored by COSPAS-SARSAT. EPIRB never be tested by actual operation. The annual testing of 406 MHz EPIRB (SOLAS IV/15.9) requires test equipment capable of performing all measurements as per MSC/Circ 1040",,,"All vessel types",,"Form B-008-Vessel Internal Audit checklist (3).md:343",B-008|x|efa574248d05
B-008,,,BRIDGE-NAVIGATION,,"52. Is the vessel’s ECDIS unit(s) properly described in Form E (Record of equipment - Cargo Ship Safety Equipment Certificate)?",,,,"All vessel types",parenthetical_not_trailing,"Form B-008-Vessel Internal Audit checklist (3).md:344",B-008|x|3f0f8e7431a0
B-008,,,BRIDGE-NAVIGATION,,"53. Is ECDIS software updated to the last version?",,,,"All vessel types",,"Form B-008-Vessel Internal Audit checklist (3).md:345",B-008|x|7cd93858c488
B-008,,,BRIDGE-NAVIGATION,,"54. Is ECDIS capable of displaying the new symbols introduced in the latest IHO S-52 Presentation Library?",,,,"All vessel types",,"Form B-008-Vessel Internal Audit checklist (3).md:346",B-008|x|06320cb25c94
B-008,,,BRIDGE-NAVIGATION,,"55. Are all the Deck Officers able to demonstrate how to display the edition number of the current IHO Presentation Library?",,,,"All vessel types",,"Form B-008-Vessel Internal Audit checklist (3).md:347",B-008|x|9c33a5a0140f
B-008,,,BRIDGE-NAVIGATION,,"56. Are the ENC in use up-to-date with displayed updating competency? (Latest edition, NTM, T&P Notices, NAVAREA warnings)",,,,"All vessel types",,"Form B-008-Vessel Internal Audit checklist (3).md:348",B-008|x|af6d842d592a
B-008,,,BRIDGE-NAVIGATION,,"57. Are T & P notices being properly applied to electronic charts?",,,,"All vessel types",,"Form B-008-Vessel Internal Audit checklist (3).md:349",B-008|x|798e60d2c4de
B-008,,,BRIDGE-NAVIGATION,,"58. Is the ADMIRALTY Information Overlay (AIO) in use?",,,,"All vessel types",parenthetical_not_trailing,"Form B-008-Vessel Internal Audit checklist (3).md:350",B-008|x|a6de3bd79799
B-008,,,BRIDGE-NAVIGATION,,"59. Has adequate ECDIS training been competed? Has ECDIS on board familiarisation been completed?",,,,"All vessel types",,"Form B-008-Vessel Internal Audit checklist (3).md:351",B-008|x|e6a973c48a7d
B-008,,,BRIDGE-NAVIGATION,,"60. Can the Deck Officers demonstrate operational competency in the use of ECDIS?","Competency should include ability for setting critical alarms, such as safety depth, safety contour, look ahead, operation in DR mode etc.",,,"All vessel types",,"Form B-008-Vessel Internal Audit checklist (3).md:352",B-008|x|1eeface49663
B-008,,,BRIDGE-NAVIGATION,,"61. Is the Bridge team aware of the procedure to update ENC’s with permits and notice to mariners (NTM) and verification of same?",,,,"All vessel types",parenthetical_not_trailing,"Form B-008-Vessel Internal Audit checklist (3).md:353",B-008|x|c00b5d7598ba
B-008,,,BRIDGE-NAVIGATION,,"62. Can the Deck Officers demonstrate how to check if T&P corrections have been applied?",,,,"All vessel types",,"Form B-008-Vessel Internal Audit checklist (3).md:354",B-008|x|4d214cabea73
B-008,,,BRIDGE-NAVIGATION,,"63. Are the Navigational warnings relevant to the pertinent voyage plotted?",,,,"All vessel types",,"Form B-008-Vessel Internal Audit checklist (3).md:355",B-008|x|8b1f3d617246
B-008,,,BRIDGE-NAVIGATION,,"64. Are the Deck Officers aware of the suggested assignment of navigational purposes to scale ranges for ENC’s and are the appropriate range ENC charts being used?",,,,"All vessel types",,"Form B-008-Vessel Internal Audit checklist (3).md:356",B-008|x|d038e7e95024
B-008,,,BRIDGE-NAVIGATION,,"65. Is there awareness about the actions required in case of identified ECDIS failure and ECDIS input failure(s)? Have relevant drills been carried out?",,,,"All vessel types",parenthetical_not_trailing,"Form B-008-Vessel Internal Audit checklist (3).md:357",B-008|x|bea4aac210a2
B-008,,,BRIDGE-NAVIGATION,,"66. Are the safety depth, safety contour, shallow contour and deep contour correctly set for the pertinent passage?",,,,"All vessel types",,"Form B-008-Vessel Internal Audit checklist (3).md:358",B-008|x|058e3d7bfc0a
B-008,,,BRIDGE-NAVIGATION,,"67. Are the anti-grounding cone and XTE/XTD correctly set for the pertinent passage?",,,,"All vessel types",,"Form B-008-Vessel Internal Audit checklist (3).md:359",B-008|x|b246aa2e35a1
B-008,,,BRIDGE-NAVIGATION,,"68. Are the Deck Officers aware of the method of crossing the Safety Contour?",,,,"All vessel types",,"Form B-008-Vessel Internal Audit checklist (3).md:360",B-008|x|2f5b3b3131a3
B-008,,,BRIDGE-NAVIGATION,,"69. Is Position Fixing including cross-referencing carried out as per the methods and frequency specified in SMS?","if the assessment takes place at berth, ECDIS log to be checked",,,"All vessel types",,"Form B-008-Vessel Internal Audit checklist (3).md:361",B-008|x|e5551a4b3d27
B-008,,,BRIDGE-NAVIGATION,,"70. Are ECDIS checks for pre-departure, arrival, pilotage and confined waters carried out for conformance and alignment with input from sensors (e.g. GPS/GNSS, heading, speed) and its presentation on the ECDIS display?",,,,"All vessel types",parenthetical_not_trailing,"Form B-008-Vessel Internal Audit checklist (3).md:362",B-008|x|1405d0093f5f
B-008,,,BRIDGE-NAVIGATION,,"71. Is ECDIS maintenance in accordance with Company’s procedures? Are the ECDIS spares available onboard? Has the ECDIS unit(s) hard disk been replaced after three years? Have any defects been reported to the Company in accordance with relevant procedures?",,,,"All vessel types",parenthetical_not_trailing,"Form B-008-Vessel Internal Audit checklist (3).md:363",B-008|x|c7e9949bd2dc
B-008,,,BRIDGE-NAVIGATION,,"72. Has the ARPA’s speed input set “through the water”? Are the OOWs aware of Company’s procedure for ARPA’s speed input in case the vessel’s speed log is inoperative?",,,,"All vessel types",,"Form B-008-Vessel Internal Audit checklist (3).md:364",B-008|x|8b6836f4897a
B-008,,,BRIDGE-NAVIGATION,,"73. Are the Company’s navigational forms/ checklists properly completed for each navigational occasion? (Pre-departure checklist, pre-arrival checklist, Pilot Card, Master/Pilot Exchange and checklist for pilotage should be checked as minimum) Has the Pilot signed in the relevant to pilotage forms/ checklists?",,,,"All vessel types",parenthetical_not_trailing,"Form B-008-Vessel Internal Audit checklist (3).md:365",B-008|x|813fd3782408
B-008,,,BRIDGE-NAVIGATION,,"74. Master’s Navigational audits carried out in accordance with Company’s procedures",,,,"All vessel types",,"Form B-008-Vessel Internal Audit checklist (3).md:366",B-008|x|7859c2e66d0b
B-008,,,BRIDGE-NAVIGATION,,"75. Master’s Navigational audits’ findings have been closed out?",,,,"All vessel types",,"Form B-008-Vessel Internal Audit checklist (3).md:367",B-008|x|cd097f0f74ec
B-008,,,"ENGINE ROOM",,"1. Are the C/E and the other E/R staff familiarization and handing over forms available and signed?",,,,"All vessel types",,"Form B-008-Vessel Internal Audit checklist (3).md:375",B-008|x|e9b25480ba9c
B-008,,,"ENGINE ROOM",,"2. Was there sufficient time for familiarization of the C/E and the other E/R staff by their predecessors?",,,,"All vessel types",,"Form B-008-Vessel Internal Audit checklist (3).md:376",B-008|x|b301cc6f5b79
B-008,,,"ENGINE ROOM",,"3. Is the watch schedule posted in the E/R?",,,,"All vessel types",,"Form B-008-Vessel Internal Audit checklist (3).md:377",B-008|x|f74d64a6e67e
B-008,,,"ENGINE ROOM",,"4. Is the E/R logbook correctly filled in and all SMS prescribed entries regularly carried out?",,,,"All vessel types",,"Form B-008-Vessel Internal Audit checklist (3).md:378",B-008|x|77ac4b9e83bb
B-008,,,"ENGINE ROOM",,"5. Does the C/E regularly report all maintenance jobs, repairs and defects? Check records/follow up.",,,,"All vessel types",,"Form B-008-Vessel Internal Audit checklist (3).md:379",B-008|x|9968dc1abb11
B-008,,,"ENGINE ROOM",,"6. E/R Filing System: Are the procedures for the PMS kept and the corresponding forms filled in?",,,,"All vessel types",,"Form B-008-Vessel Internal Audit checklist (3).md:380",B-008|x|670ceebbe34a
B-008,,,"ENGINE ROOM",,"7. Have the watch engineers countersigned the C/E standing & night orders as read and understood?",,,,"All vessel types",,"Form B-008-Vessel Internal Audit checklist (3).md:381",B-008|x|708bf8b5279e
B-008,,,"ENGINE ROOM",,"8. Is PPE provided and being worn by all personnel, as appropriate?",,,,"All vessel types",,"Form B-008-Vessel Internal Audit checklist (3).md:382",B-008|x|61ac4da85202
B-008,,,"ENGINE ROOM",,"9. Are the duties of the watch-standing officers and ratings defined/well understood?",,,,"All vessel types",,"Form B-008-Vessel Internal Audit checklist (3).md:383",B-008|x|6ddf9ec70a8f
B-008,,,"ENGINE ROOM",,"10. Is the engine movement (bell) book correctly maintained, up to date, with entries in ink and is an adequate record being kept of all the navigational activities, both at sea and under pilotage?",,,,"All vessel types",parenthetical_not_trailing,"Form B-008-Vessel Internal Audit checklist (3).md:384",B-008|x|39c604ff92b0
B-008,,,"ENGINE ROOM",,"11. Are all emergency systems and equipment operational and starting/operating instructions posted? Are there operating instructions of the LSA and FFE (Em. generator, fire pump, st. gear, and other emergency and critical equipment) posted?","Each em. generating set arranged to be automatically started shall be equipped with starting devices with a stored energy capability of at least 3 consecutive starts. A second source of energy shall be provided for additional 3 starts within 30 minutes unless manual starting. Where the em. generator starting source relies on a single starter motor, then a spare starter motor should be available",,,"All vessel types",,"Form B-008-Vessel Internal Audit checklist (3).md:385",B-008|x|3ecced81cb96
B-008,,,"ENGINE ROOM",,"12. Is an engineer’s call alarm fitted, in order, tested regularly and the results recorded?","Sound on bridge, in duty engineer’s quarters and in public rooms. If not answered within the specified period a back-up alarm system should be activated. A PA announcement prior to the test would be beneficial",,,"All vessel types",,"Form B-008-Vessel Internal Audit checklist (3).md:386",B-008|x|bb5c061e7698
B-008,,,"ENGINE ROOM",,"13. Do records indicate the regular testing of emergency equipment?","Em. fire pump, main fire & foam pumps, em. air compressor, em. generator, em. generator switchboard, em. steering, quick closing valves, em. stops and bilge ejectors. Testing of the em. generator should be carried out under load, but to do this may require the vessel to be blacked out. This test is carried out at least annually. Where fitted, the em. air compressor should be regularly tested to the starting pressure of the diesel generator. The em. air reservoir should be permanently maintained at the required pressure",,,"All vessel types",,"Form B-008-Vessel Internal Audit checklist (3).md:387",B-008|x|ac0987f8e2d3
B-008,,,"ENGINE ROOM",,"14. Is all E/R life saving and firefighting equipment in good condition and maintained as per PMS?",,,,"All vessel types",,"Form B-008-Vessel Internal Audit checklist (3).md:388",B-008|x|d2232c01110a
B-008,,,"ENGINE ROOM",,"15. Is the E/R personnel familiar with the operation of the LSA and FFE (lifeboat engines, em. fire pump, em. generator, em. Steering gear, main and em. bilge pump, etc.)?",,,,"All vessel types",parenthetical_not_trailing,"Form B-008-Vessel Internal Audit checklist (3).md:389",B-008|x|2d0e589656c1
B-008,,,"ENGINE ROOM",,"16. Are the E/R automatic and manual fan emergency stop devices operational and regularly tested?",,,,"All vessel types",,"Form B-008-Vessel Internal Audit checklist (3).md:390",B-008|x|568867170a89
B-008,,,"ENGINE ROOM",,"17. Are the E/R emergency stops & shut offs (ventilation fans, fuel pumps and the quick closing valves for fuel and lub. oil tanks) clearly marked?","Test records to indicate that they have been regularly tested",,,"All vessel types",,"Form B-008-Vessel Internal Audit checklist (3).md:391",B-008|x|33b22ced5a30
B-008,,,"ENGINE ROOM",,"18. Are the E/R fixed fire detection / extinguishing and alarm systems in order and tested regularly? Are there operating instructions posted outside protected spaces?",,,,"All vessel types",,"Form B-008-Vessel Internal Audit checklist (3).md:392",B-008|x|ac8fa5d7f531
B-008,,,"ENGINE ROOM",,"19. Is the engine personnel aware of the operation of the fixed fire detection and extinguishing system?",,,,"All vessel types",,"Form B-008-Vessel Internal Audit checklist (3).md:393",B-008|x|15a3b91a1620
B-008,,,"ENGINE ROOM",,"20. Are chemicals properly stowed and are MSDSs available?","PPE including a face shield, apron, gloves and an eye-wash should be provided at the place where chemicals are stored",,,"All vessel types",,"Form B-008-Vessel Internal Audit checklist (3).md:394",B-008|x|30c0c8249adc
B-008,,,"ENGINE ROOM",,"21. Is the Engine store in order and all items secured to avoid moving in case of heavy seas?",,,,"All vessel types",,"Form B-008-Vessel Internal Audit checklist (3).md:395",B-008|x|5e2861b0704d
B-008,,,"ENGINE ROOM",,"22. Are the required safety posters posted in the engine room workshop?",,,,"All vessel types",,"Form B-008-Vessel Internal Audit checklist (3).md:396",B-008|x|50cfe11f7b33
B-008,,,"ENGINE ROOM",,"23. Is fixed piping for welding-cutting equipment steel welded and pipework free of grease?",,,,"All vessel types",,"Form B-008-Vessel Internal Audit checklist (3).md:397",B-008|x|6b2f24f422a7
B-008,,,"ENGINE ROOM",,"24. Are flashback arresters fitted at the work station and are they in order?",,,,"All vessel types",,"Form B-008-Vessel Internal Audit checklist (3).md:398",B-008|x|c4c9735fe73d
B-008,,,"ENGINE ROOM",,"25. Are there F.O., hydraulic oil and L.O. analyses available at the intervals prescribed by the SMS?",,,,"All vessel types",,"Form B-008-Vessel Internal Audit checklist (3).md:399",B-008|x|39e6886d7675
B-008,,,"ENGINE ROOM",,"26. Are the E/R fuel high pressure pipes adequately protected (double piping)?",,,,"All vessel types",parenthetical_not_trailing,"Form B-008-Vessel Internal Audit checklist (3).md:400",B-008|x|9b8727bfa884
B-008,,,"ENGINE ROOM",,"27. Are the fire line isolation valves marked and properly working?",,,,"All vessel types",,"Form B-008-Vessel Internal Audit checklist (3).md:401",B-008|x|6184d70a1ba1
B-008,,,"ENGINE ROOM",,"28. Check the fire pump remote control starting devices.",,,,"All vessel types",,"Form B-008-Vessel Internal Audit checklist (3).md:402",B-008|x|81939fd8ee2e
B-008,,,"ENGINE ROOM",,"29. Where an em. generator is not fitted, are E/R em. batteries in order and fully charged? The em. batteries must supply the designed power load for up to 18 hours.",,,,"All vessel types",,"Form B-008-Vessel Internal Audit checklist (3).md:403",B-008|x|11d0671592bf
B-008,,,"ENGINE ROOM",,"30. Is the ORB correctly completed?","Delivery receipts, signatures, remaining quantity in sludge and bilge tanks co insides with entries C11 and adequate for the next voyage. Check of last shore delivery. Calculate the quantity that should be delivered based on operating hours",,,"All vessel types",,"Form B-008-Vessel Internal Audit checklist (3).md:404",B-008|x|8132da39e1a6
B-008,,,"ENGINE ROOM",,"31. Check the Entries at the Engine Log Book regarding the change over prior entering any ECA area.",,,,"All vessel types",,"Form B-008-Vessel Internal Audit checklist (3).md:405",B-008|x|262cc79e49cc
B-008,,,"ENGINE ROOM",,"32. Do the sludge and bilge tanks in Form A of the IOPP Cert. and those listed in ORB, agree?","In Part 1, the section C is used for the disposal of sludge and other oil residues i.e. drainage, leakage, exhausted oil, etc. and it should be completed at the end of each voyage, or weekly if more than one voyage within the week. Sections D and/or E are used for the disposal of bilge water. Receipts for all disposals to reception facilities should be attached to the ORB",,,"All vessel types",,"Form B-008-Vessel Internal Audit checklist (3).md:406",B-008|x|1950d8adb2e7
B-008,,,"ENGINE ROOM",,"33. Is the Oily Water Separator (OWS) and alarm operational and are operating instructions posted?",,,,"All vessel types",parenthetical_not_trailing,"Form B-008-Vessel Internal Audit checklist (3).md:407",B-008|x|ec71982c363f
B-008,,,"ENGINE ROOM",,"34. When in port is the OWS/Oil filtering equipment overboard discharge valve(s) closed and secured?",,,,"All vessel types",parenthetical_not_trailing,"Form B-008-Vessel Internal Audit checklist (3).md:408",B-008|x|e9e372078c61
B-008,,,"ENGINE ROOM",,"35. Are the E/R bilge high level alarms in order, regularly tested and the results recorded?",,,,"All vessel types",,"Form B-008-Vessel Internal Audit checklist (3).md:409",B-008|x|98be6e5b6677
B-008,,,"ENGINE ROOM",,"36. Are the E/R bilges dry and clean/free of oil?",,,,"All vessel types",,"Form B-008-Vessel Internal Audit checklist (3).md:410",B-008|x|eb191b4278e2
B-008,,,"ENGINE ROOM",,"37. Are the bilge overboard valves marked closed and sealed? (Warning sign posted).",,,,"All vessel types",,"Form B-008-Vessel Internal Audit checklist (3).md:411",B-008|x|4a6fa3a038a9
B-008,,,"ENGINE ROOM",,"38. Is the bilge emergency suction adequately marked?",,,,"All vessel types",,"Form B-008-Vessel Internal Audit checklist (3).md:412",B-008|x|92892baa3757
B-008,,,"ENGINE ROOM",,"39. Is there a bilge shore connection available and in good condition?",,,,"All vessel types",,"Form B-008-Vessel Internal Audit checklist (3).md:413",B-008|x|96576fcb1bb4
B-008,,,"ENGINE ROOM",,"40. Is there a sewage plant available, in operation and in good condition?",,,,"All vessel types",,"Form B-008-Vessel Internal Audit checklist (3).md:414",B-008|x|1aa1e211c2bf
B-008,,,"ENGINE ROOM",,"41. Is the sewage shore connection in good condition?",,,,"All vessel types",,"Form B-008-Vessel Internal Audit checklist (3).md:415",B-008|x|384222b54005
B-008,,,"ENGINE ROOM",,"42. Is the E/R ventilation system working properly?",,,,"All vessel types",,"Form B-008-Vessel Internal Audit checklist (3).md:416",B-008|x|323f01ebf90c
B-008,,,"ENGINE ROOM",,"43. Is the level of lighting and noise in all areas of the engine room satisfactory?",,,,"All vessel types",,"Form B-008-Vessel Internal Audit checklist (3).md:417",B-008|x|78785b27f98a
B-008,,,"ENGINE ROOM",,"44. Is the E/R painted, clean, tidy, free of combustible material and without any leakages?",,,,"All vessel types",,"Form B-008-Vessel Internal Audit checklist (3).md:418",B-008|x|d90b9b295c82
B-008,,,"ENGINE ROOM",,"45. Is the dead man alarm system in order and used as required? (Activated every 15 minutes).",,,,"All vessel types",,"Form B-008-Vessel Internal Audit checklist (3).md:419",B-008|x|e71cbb0f39eb
B-008,,,"ENGINE ROOM",,"46. Are the sounding pipe automatic closing arrangements operational?",,,,"All vessel types",,"Form B-008-Vessel Internal Audit checklist (3).md:420",B-008|x|3c1c93c7e016
B-008,,,"ENGINE ROOM",,"47. Check boiler testing frequency and relevant records.",,,,"All vessel types",,"Form B-008-Vessel Internal Audit checklist (3).md:421",B-008|x|803985368925
B-008,,,"ENGINE ROOM",,"48. Are records kept for maintenance jobs carried out by the crew and external subcontractors?",,,,"All vessel types",,"Form B-008-Vessel Internal Audit checklist (3).md:422",B-008|x|2350defe9f00
B-008,,,"ENGINE ROOM",,"49. Who is responsible for setting time limits for rectification of deficiencies? Check records/follow up.",,,,"All vessel types",,"Form B-008-Vessel Internal Audit checklist (3).md:423",B-008|x|12404be03689
B-008,,,"ENGINE ROOM",,"50. Does PMS and defect reporting system alerts the responsible crewmembers and shore staff when it becomes due? Check records.",,,,"All vessel types",,"Form B-008-Vessel Internal Audit checklist (3).md:424",B-008|x|6109a6c1c6fc
B-008,,,"ENGINE ROOM",,"51. Does PMS and defect reporting system track all outstanding repair items, including dry-dock list?",,,,"All vessel types",,"Form B-008-Vessel Internal Audit checklist (3).md:425",B-008|x|c3b4ec4caaf4
B-008,,,"ENGINE ROOM",,"52. Check awareness of the department personnel about the results of vessel’s surveys","items passed, recommendations, Conditions of Class, copies of survey reports, Certificates, etc.",,,"All vessel types",,"Form B-008-Vessel Internal Audit checklist (3).md:426",B-008|x|2e0cd35d4114
B-008,,,"ENGINE ROOM",,"53. Ensure that testing and maintenance of critical systems are always carried out as per the PMS.",,,,"All vessel types",,"Form B-008-Vessel Internal Audit checklist (3).md:427",B-008|x|d0a4ddf094b4
B-008,,,"ENGINE ROOM",,"54. Are there clear reporting requirements when critical systems, alarms or equipment become defective, or require planned or unplanned maintenance?",,,,"All vessel types",,"Form B-008-Vessel Internal Audit checklist (3).md:428",B-008|x|186fcda6ce3a
B-008,,,"ENGINE ROOM",,"55. Check pre-arrival and prior to sailing testing of main engine and steering gear.",,,,"All vessel types",,"Form B-008-Vessel Internal Audit checklist (3).md:429",B-008|x|6868e7838f15
B-008,,,"ENGINE ROOM",,"56. Are there available all Builders, machinery, electrical drawings and equipment instruction manuals?",,,,"All vessel types",,"Form B-008-Vessel Internal Audit checklist (3).md:430",B-008|x|28bf699d3fc3
B-008,,,"ENGINE ROOM",,"57. Is bunkering piping diagram posted at the bunker manifold (scuppers plugged, duties etc.)?",,,,"All vessel types",parenthetical_not_trailing,"Form B-008-Vessel Internal Audit checklist (3).md:431",B-008|x|9474ff906967
B-008,,,"ENGINE ROOM",,"58. Are the E/R emergency escapes adequately lit, clear of obstacles and clearly marked?",,,,"All vessel types",,"Form B-008-Vessel Internal Audit checklist (3).md:432",B-008|x|a53301c708b3
B-008,,,"ENGINE ROOM",,"59. Are the E/R tanks quick closing valves in good order and regularly tested?",,,,"All vessel types",,"Form B-008-Vessel Internal Audit checklist (3).md:433",B-008|x|94b1b3852b14
B-008,,,"ENGINE ROOM",,"60. Are all E/R alarms in working order? Alarms test schedules carried out, dated and signatures.",,,,"All vessel types",,"Form B-008-Vessel Internal Audit checklist (3).md:434",B-008|x|20728c02734a
B-008,,,"ENGINE ROOM",,"61. Is an engineer’s call alarm fitted and is it in order and tested regularly and the results recorded?",,,,"All vessel types",,"Form B-008-Vessel Internal Audit checklist (3).md:435",B-008|x|bb396151d652
B-008,,,"ENGINE ROOM",,"62. Is the E/R insulation in good condition (heat – sound)?",,,,"All vessel types",parenthetical_not_trailing,"Form B-008-Vessel Internal Audit checklist (3).md:436",B-008|x|6339febce96e
B-008,,,"ENGINE ROOM",,"63. Is the em. generator fuel tank level over 85%? Ditto for diesel engine driven emergency fire pump?",,,,"All vessel types",,"Form B-008-Vessel Internal Audit checklist (3).md:437",B-008|x|42c6fdf3c9da
B-008,,,"ENGINE ROOM",,"64. Are the lathe moving parts adequately covered?",,,,"All vessel types",,"Form B-008-Vessel Internal Audit checklist (3).md:438",B-008|x|83d8cde0583c
B-008,,,"ENGINE ROOM",,"65. Are the E/R glass tank level gauges adequately protected and closed when not in use?",,,,"All vessel types",,"Form B-008-Vessel Internal Audit checklist (3).md:439",B-008|x|2d80c2b5ef65
B-008,,,"ENGINE ROOM",,"66. Is the last Megger test carried out within the past 12 months? Check records.",,,,"All vessel types",,"Form B-008-Vessel Internal Audit checklist (3).md:440",B-008|x|3fe6c77df847
B-008,,,"ENGINE ROOM",,"67. For UMS vessels are there safety instructions posted at the E/R entrances and ECR? Is there a checklist to be used prior to initiating UMS operation?",,,,"All vessel types",,"Form B-008-Vessel Internal Audit checklist (3).md:441",B-008|x|1da29d236fef
B-008,,,"ENGINE ROOM",,"68. Is there a procedure for bridge notification during E/R inspections, whilst the vessel operating in UMS?",,,,"All vessel types",,"Form B-008-Vessel Internal Audit checklist (3).md:442",B-008|x|d8fb17fe3499
B-008,,,"ENGINE ROOM",,"69. Is there an alarm system for fuel leakages from M/E and D/Gs (fail-to-safety) installed?",,,,"All vessel types",parenthetical_not_trailing,"Form B-008-Vessel Internal Audit checklist (3).md:443",B-008|x|b2dd32c3f481
B-008,,,"ENGINE ROOM",,"70. Are there any deficiencies imposed by Company’s superintendents, the Class, PSC not rectified? If yes, what is the rectification schedule? Check maintenance tasks assignments.",,,,"All vessel types",,"Form B-008-Vessel Internal Audit checklist (3).md:444",B-008|x|3bab96aa523a
B-008,,,"ENGINE ROOM",,"71. Are there safety goggles for chemicals in the battery room and safety instructions posted?",,,,"All vessel types",,"Form B-008-Vessel Internal Audit checklist (3).md:445",B-008|x|03a1592b5950
B-008,,,"ENGINE ROOM",,"72. Are the emergency batteries in good condition?",,,,"All vessel types",,"Form B-008-Vessel Internal Audit checklist (3).md:446",B-008|x|a2388266b6a7
B-008,,,"ENGINE ROOM",,"73. Are all ballast, bilge, fire, fuel transfer pumps in good operating condition?",,,,"All vessel types",,"Form B-008-Vessel Internal Audit checklist (3).md:447",B-008|x|8ab5f0829b1a
B-008,,,"ENGINE ROOM",,"74. Are all markings with IMO approved symbols?",,,,"All vessel types",,"Form B-008-Vessel Internal Audit checklist (3).md:448",B-008|x|f06b6634c07b
B-008,,,"ENGINE ROOM",,"75. Are diesel engine exhausts and other hot surfaces in the vicinity of fuel, diesel, lubricating and hydraulic oil pipes protected against spray?",,,,"All vessel types",,"Form B-008-Vessel Internal Audit checklist (3).md:449",B-008|x|b71b3e9028ce
B-008,,,"ENGINE ROOM",,"76. Are purifier rooms and fuel and lubricating oil handling areas ventilated and clean?",,,,"All vessel types",,"Form B-008-Vessel Internal Audit checklist (3).md:450",B-008|x|90ea64f8ea4e
B-008,,,"ENGINE ROOM",,"77. Are main engine bearing temperature monitors, or the crankcase oil mist detector, in good order?",,,,"All vessel types",,"Form B-008-Vessel Internal Audit checklist (3).md:451",B-008|x|19ee2ef11518
B-008,,,"ENGINE ROOM",,"78. Check condition of service pipe work. Is it free from corrosion, pitting, soft patches or other temporary repairs? Are pipe stands, clamps, supports and expansion arrangements satisfactory?",,,,"All vessel types",,"Form B-008-Vessel Internal Audit checklist (3).md:452",B-008|x|e80fa4bce280
B-008,,,"ENGINE ROOM",,"79. Are fuel, ballast and other space vents and air pipes in a satisfactory condition?",,,,"All vessel types",,"Form B-008-Vessel Internal Audit checklist (3).md:453",B-008|x|448f269ec66c
B-008,,,"ENGINE ROOM",,"80. Is there adequate awareness about bunkering operations, incl. H2S/Benzene safety precautions?",,,,"All vessel types",,"Form B-008-Vessel Internal Audit checklist (3).md:454",B-008|x|8e5053b0153c
B-008,,,"ENGINE ROOM",,"81. Is there adequate awareness about sulphur limits global requirements?",,,,"All vessel types",,"Form B-008-Vessel Internal Audit checklist (3).md:455",B-008|x|750314803c15
B-008,,,"ENGINE ROOM",,"82. Are available change-over procedures for switching the fuel oil in use, between the different FO qualities with respect to sulphur content?",,,,"All vessel types",,"Form B-008-Vessel Internal Audit checklist (3).md:456",B-008|x|f03ec6179482
B-008,,,"ENGINE ROOM",,"83. Check awareness of the department personnel about relevant procedures. Check awareness and implementation of the PMS and the Defect reporting system.",,,,"All vessel types",,"Form B-008-Vessel Internal Audit checklist (3).md:457",B-008|x|cd49b2345e65
B-008,,,"STEERING GEAR",,"1. Are the steering gear room communication systems with the bridge (two systems) operational?",,,,"All vessel types",parenthetical_not_trailing,"Form B-008-Vessel Internal Audit checklist (3).md:465",B-008|x|dde6dc3fa89a
B-008,,,"STEERING GEAR",,"2. Is the steering gear equipment clean with no leakages?",,,,"All vessel types",,"Form B-008-Vessel Internal Audit checklist (3).md:466",B-008|x|5b47a7b087a1
B-008,,,"STEERING GEAR",,"3. Is the steering compartment fitted with suitable handrails, gratings or other non-slip surfaces?",,,,"All vessel types",,"Form B-008-Vessel Internal Audit checklist (3).md:467",B-008|x|bbde3a9b0983
B-008,,,"STEERING GEAR",,"4. Are the arrangements for provision of heading information adequate?","Ships with em. steering positions provided with a telephone or other means of communication for relaying heading information to such positions. In addition, ships provided with arrangements for supplying visual compass readings to the em. steering position",,,"All vessel types",,"Form B-008-Vessel Internal Audit checklist (3).md:468",B-008|x|19c534316a94
B-008,,,"STEERING GEAR",,"5. Is there a gyro compass repeater installed at the emergency steering gear position?",,,,"All vessel types",,"Form B-008-Vessel Internal Audit checklist (3).md:469",B-008|x|0bde6e9df447
B-008,,,"STEERING GEAR",,"6. Is the rudder angle indicator operational and visible from the emergency steering position?",,,,"All vessel types",,"Form B-008-Vessel Internal Audit checklist (3).md:470",B-008|x|af7837222300
B-008,,,"STEERING GEAR",,"7. Is the entrance to the steering gear room free of obstacles?",,,,"All vessel types",,"Form B-008-Vessel Internal Audit checklist (3).md:471",B-008|x|9d3c9dcdfdc0
B-008,,,"STEERING GEAR",,"8. Has the em. st. gear been tested within the last 3 months and the results recorded?","Drills include direct control within st. compartment, communications with bridge and, if applicable, operation of alternative power supplies",,,"All vessel types",,"Form B-008-Vessel Internal Audit checklist (3).md:472",B-008|x|fae55c781884
B-008,,,"STEERING GEAR",,"9. Are em. steering gear changeover procedures displayed in the steering compartment?",,,,"All vessel types",,"Form B-008-Vessel Internal Audit checklist (3).md:473",B-008|x|8b4764677fa9
B-008,,,"STEERING GEAR",,"10. Is the steering gear emergency reserve tank fully charged?","Sufficient capacity to recharge at least one power actuating system including the reservoir. A min. level to comply with this should be established",,,"All vessel types",,"Form B-008-Vessel Internal Audit checklist (3).md:474",B-008|x|457577099a9d
B-008,,,"STEERING GEAR",,"11. Are officers familiar with operation of the steering gear in the emergency mode?",,,,"All vessel types",,"Form B-008-Vessel Internal Audit checklist (3).md:475",B-008|x|f68c4c67c9a4
B-008,,,"SPARES AND SUPPLIES",,"1. Are there any urgently requested spares not delivered onboard?",,,,"All vessel types",,"Form B-008-Vessel Internal Audit checklist (3).md:480",B-008|x|0f4d26d856a1
B-008,,,"SPARES AND SUPPLIES",,"2. Check verification on board by the Master and/or the C/E upon the delivery of previously purchased goods against the delivery receipt and confirmation of delivery communicated to the Office.",,,,"All vessel types",,"Form B-008-Vessel Internal Audit checklist (3).md:481",B-008|x|b8fa046318fe
B-008,,,"SPARES AND SUPPLIES",,"3. Is vessel supplied with necessary spares and supplies? Check records/inventories.",,,,"All vessel types",,"Form B-008-Vessel Internal Audit checklist (3).md:482",B-008|x|0e53daf15c2a
B-008,,,"SPARES AND SUPPLIES",,"4. Does the PMS monitors spares inventory and highlights any shortages? Check records",,,,"All vessel types",,"Form B-008-Vessel Internal Audit checklist (3).md:483",B-008|x|240c732b7593
B-008,,,"SPARES AND SUPPLIES",,"5. Is a comprehensive and up to date inventory of spare parts being maintained?",,,,"All vessel types",,"Form B-008-Vessel Internal Audit checklist (3).md:484",B-008|x|4a63b74fca02
B-008,,,"SPARES AND SUPPLIES",,"6. Are Master and Agent informed about delivery details when goods are shipped by postal services?",,,,"All vessel types",,"Form B-008-Vessel Internal Audit checklist (3).md:485",B-008|x|4bfc192f23aa
B-008,,,"DRY-DOCKS (DD) AND REPAIRS",,"1. Is the dry-dock list automatically generated by the on-board PMS and defect reporting system?",,,,"All vessel types",,"Form B-008-Vessel Internal Audit checklist (3).md:490",B-008|x|09246fb0d46d
B-008,,,"DRY-DOCKS (DD) AND REPAIRS",,"2. Check if DD work done lists have been approved and signed by the Superintendent and the Master.",,,,"All vessel types",,"Form B-008-Vessel Internal Audit checklist (3).md:491",B-008|x|eb642f0337bf
B-008,,,"DRY-DOCKS (DD) AND REPAIRS",,"3. How the safe working practices are implemented and ensured whilst the vessel in the yard?",,,,"All vessel types",,"Form B-008-Vessel Internal Audit checklist (3).md:492",B-008|x|91e608d2b21e
B-008,,,"DRY-DOCKS (DD) AND REPAIRS",,"4. Check if reports of repair works are kept in the respective files.",,,,"All vessel types",,"Form B-008-Vessel Internal Audit checklist (3).md:493",B-008|x|d4aca3dd2417
B-008,,,"DRY-DOCKS (DD) AND REPAIRS",,"5. Check last DD spec/repairs file which should contain: List of work carried out by Yard/Repairers, reports of surveys carried out, thickness measurements (if applicable), survey planning document, list of work to be carried out by the crew, calibration/measurements taken by the yard, etc.",,,,"All vessel types",parenthetical_not_trailing,"Form B-008-Vessel Internal Audit checklist (3).md:494",B-008|x|e607ac9a2ed9
B-008,,,"DRY-DOCKS (DD) AND REPAIRS",,"6. STCW work and rest hours records are kept whilst the vessel in the yard?",,,,"All vessel types",,"Form B-008-Vessel Internal Audit checklist (3).md:495",B-008|x|a1e53a8dffaa
B-008,,,"DRY-DOCKS (DD) AND REPAIRS",,"7. Check familiarity of relevant personnel with DD planning and SMS relevant requirements",,,,"All vessel types",,"Form B-008-Vessel Internal Audit checklist (3).md:496",B-008|x|607faa0b3c2e
B-008,,,"ENVIRONMENTAL PROTECTION & ENERGY MANAGEMENT",,"1. Is the SMS available to all prescribed positions and up to date?",,,,"All vessel types",,"Form B-008-Vessel Internal Audit checklist (3).md:505",B-008|x|4a2f5823f1df
B-008,,,"ENVIRONMENTAL PROTECTION & ENERGY MANAGEMENT",,"2. Check familiarity of personnel with the name and contact details of EMR.",,,,"All vessel types",,"Form B-008-Vessel Internal Audit checklist (3).md:506",B-008|x|55345763a5ac
B-008,,,"ENVIRONMENTAL PROTECTION & ENERGY MANAGEMENT",,"3. Check familiarity of personnel with environmental aspects, impacts and targets.",,,,"All vessel types",,"Form B-008-Vessel Internal Audit checklist (3).md:507",B-008|x|52725f163843
B-008,,,"ENVIRONMENTAL PROTECTION & ENERGY MANAGEMENT",,"4. Are all responsibilities relevant to SMS known and are they formally accepted?",,,,"All vessel types",,"Form B-008-Vessel Internal Audit checklist (3).md:508",B-008|x|2e9f6eddac23
B-008,,,"ENVIRONMENTAL PROTECTION & ENERGY MANAGEMENT",,"5. Check implementation of environmental practices and improvements into shipboard activities.",,,,"All vessel types",,"Form B-008-Vessel Internal Audit checklist (3).md:509",B-008|x|3cc878a000be
B-008,,,"ENVIRONMENTAL PROTECTION & ENERGY MANAGEMENT",,"6. Check progress of Environmental Programs for further reduction of pollutants.",,,,"All vessel types",,"Form B-008-Vessel Internal Audit checklist (3).md:510",B-008|x|9bc88b35cf35
B-008,,,"ENVIRONMENTAL PROTECTION & ENERGY MANAGEMENT",,"7. Check records related to promoting and monitoring of the energy conservation program.",,,,"All vessel types",,"Form B-008-Vessel Internal Audit checklist (3).md:511",B-008|x|9c664731fc5f
B-008,,,"ENVIRONMENTAL PROTECTION & ENERGY MANAGEMENT",,"8. Are supplies environmentally friendly? Assess the policy and procedures to ensure that vendors, technicians, etc. and other non-crewmembers follow the SMS requirements.",,,,"All vessel types",,"Form B-008-Vessel Internal Audit checklist (3).md:512",B-008|x|b11140305e1c
B-008,,,"ENVIRONMENTAL PROTECTION & ENERGY MANAGEMENT",,"9. Check waste management program and waste reduction methods (e.g. purchasing in bulk to reduce packaging volumes, encouraging recycling initiatives, using non-disposable equipment).","Ensure that system for monitoring and reducing waste is effective and efficient. Check how Management promotes the use of equipment and practices that minimize waste generation, effluent-treatment systems, etc.",,,"All vessel types",,"Form B-008-Vessel Internal Audit checklist (3).md:513",B-008|x|7b5491ba675e
B-008,,,"ENVIRONMENTAL PROTECTION & ENERGY MANAGEMENT",,"10. Are all crewmembers aware of the MARPOL requirements applicable to their duties e.g. disposal of bilges, air pollution, etc.? Have disposal of slops and dirty ballast been recorded in accordance with MARPOL?",,,,"All vessel types",,"Form B-008-Vessel Internal Audit checklist (3).md:514",B-008|x|65ace51eb747
B-008,,,"ENVIRONMENTAL PROTECTION & ENERGY MANAGEMENT",,"11. Are there oil spill trays installed below the cargo and bunkering manifold and the cargo / bunker tanks vent heads? Are the drain plugs in position?",,,,"All vessel types",,"Form B-008-Vessel Internal Audit checklist (3).md:515",B-008|x|f42a40113718
B-008,,,"ENVIRONMENTAL PROTECTION & ENERGY MANAGEMENT",,"12. Is the Ballast Water Management Plan followed and are relevant records being maintained?",,,,"All vessel types",,"Form B-008-Vessel Internal Audit checklist (3).md:516",B-008|x|5b06ca71c4a8
B-008,,,"ENVIRONMENTAL PROTECTION & ENERGY MANAGEMENT",,"13. Check records of training of crew on Environmental Protection issues. Assess the frequency and adequacy of shipboard pollution prevention and environmental protection meetings and training.",,,,"All vessel types",,"Form B-008-Vessel Internal Audit checklist (3).md:517",B-008|x|f72a0b3b3a23
B-008,,,"ENVIRONMENTAL PROTECTION & ENERGY MANAGEMENT",,"14. Assess the adequacy of the policy, procedures and equipment, including storage capabilities used to manage solid wastes generated in all areas of the vessel and the effectiveness and implementation of the Garbage Management Plan. Has relevant training been carried out?",,,,"All vessel types",,"Form B-008-Vessel Internal Audit checklist (3).md:518",B-008|x|ec979dfd467f
B-008,,,"ENVIRONMENTAL PROTECTION & ENERGY MANAGEMENT",,"15. Are there garbage disposal instruction and pollution prevention signs posted?",,,,"All vessel types",,"Form B-008-Vessel Internal Audit checklist (3).md:519",B-008|x|4232b3515040
B-008,,,"ENVIRONMENTAL PROTECTION & ENERGY MANAGEMENT",,"16. Are adequate garbage boxes of non-combustible materials with no openings in the sides or bottom in all places? Are garbage containers covered, leak-proof and inside the railing?",,,,"All vessel types",,"Form B-008-Vessel Internal Audit checklist (3).md:520",B-008|x|d2b4193e497b
B-008,,,"ENVIRONMENTAL PROTECTION & ENERGY MANAGEMENT",,"17. Check procedures for disposal and handling of cooking oil/chemicals/waste oil/cleaning agents",,,,"All vessel types",,"Form B-008-Vessel Internal Audit checklist (3).md:521",B-008|x|49bfe01936ed
B-008,,,"ENVIRONMENTAL PROTECTION & ENERGY MANAGEMENT",,"18. Review Hazardous Waste Delivery Receipts and verify if these are properly completed.",,,,"All vessel types",,"Form B-008-Vessel Internal Audit checklist (3).md:522",B-008|x|bededc161772
B-008,,,"ENVIRONMENTAL PROTECTION & ENERGY MANAGEMENT",,"19. Are various hazardous solid waste (batteries, medical waste, fluorescent lamps, aerosol cans, chemical waste, old paint, pyrotechnics, fire detectors, plastic, etc.) adequately handled?",,,,"All vessel types",parenthetical_not_trailing,"Form B-008-Vessel Internal Audit checklist (3).md:523",B-008|x|aad4937a7eb2
B-008,,,"ENVIRONMENTAL PROTECTION & ENERGY MANAGEMENT",,"20. Has the Garbage Record Book been correctly completed? Review garbage disposal receipts and ensure that plastics are delivered ashore.",,,,"All vessel types",,"Form B-008-Vessel Internal Audit checklist (3).md:524",B-008|x|fe4e981b9216
B-008,,,"ENVIRONMENTAL PROTECTION & ENERGY MANAGEMENT",,"21. Assess the adequacy of the procedures and equipment associated with cargo wastes management.",,,,"All vessel types",,"Form B-008-Vessel Internal Audit checklist (3).md:525",B-008|x|4958d39791ff
B-008,,,"ENVIRONMENTAL PROTECTION & ENERGY MANAGEMENT",,"22. Does the Company provide guidelines regarding the use of shipboard incinerators for the burning of polychlorinated biphenyls (PCBs) and polyvinyl chlorides (PVCs)? (MARPOL Annex VI, Reg. 16).",,,,"All vessel types",,"Form B-008-Vessel Internal Audit checklist (3).md:526",B-008|x|4d8c0f8e9919
B-008,,,"ENVIRONMENTAL PROTECTION & ENERGY MANAGEMENT",,"23. Is the operating manual for the incinerator available? Check IMO type approval Certificate.",,,,"All vessel types",,"Form B-008-Vessel Internal Audit checklist (3).md:527",B-008|x|147466cf1790
B-008,,,"ENVIRONMENTAL PROTECTION & ENERGY MANAGEMENT",,"24. Are specific warning notices posted to safeguard against the accidental opening of the overboard discharge valve from the Oil Water Separator (OWS)?","The overboard valve should be sealed and provided with a notice indicating that the valve should not be opened without the authority of the C/E or Master",,,"All vessel types",,"Form B-008-Vessel Internal Audit checklist (3).md:528",B-008|x|a7c9038f3b7a
B-008,,,"ENVIRONMENTAL PROTECTION & ENERGY MANAGEMENT",,"25. Check bunkering procedures and their implementation (checklists, samples, ORB entries, etc.). Compare entries for bunker tanks soundings / ROB data in the E/R log book against actual figures.",,,,"All vessel types",parenthetical_not_trailing,"Form B-008-Vessel Internal Audit checklist (3).md:529",B-008|x|735a71cadfdd
B-008,,,"ENVIRONMENTAL PROTECTION & ENERGY MANAGEMENT",,"26. Assess the adequacy and performance of the OWS, Incinerator, Sewage System and any other pollution prevention equipment to handle the normal quantities and types of wastes","If possible, evaluate the capacities for all tanks/containers associated with the management of sludge, bilges and oily or other wastes. Assessment of adequacy/performance of OWS can include an operational test under actual conditions, as per manufacturer's recommendations. Test can include continuous processing of contents of Bilge Holding Tank without dilution. If actual discharge is not feasible due to vessel’s location, then discharge made to bilge or another tank, as per procedures approved by Class. Soundings of Bilge Holding Tank to be made before and after the test. All alarms to be recorded and retained. All the above to be recorded in the ORB",,,"All vessel types",,"Form B-008-Vessel Internal Audit checklist (3).md:530",B-008|x|17e89125a167
B-008,,,"ENVIRONMENTAL PROTECTION & ENERGY MANAGEMENT",,"27. Are the E/R bilge alarm tests regularly carried out and recorded in the relevant Test Log?",,,,"All vessel types",,"Form B-008-Vessel Internal Audit checklist (3).md:531",B-008|x|0e705424086d
B-008,,,"ENVIRONMENTAL PROTECTION & ENERGY MANAGEMENT",,"28. Are the bilge, sludge, etc. shore delivery receipts attached to the ORB?",,,,"All vessel types",,"Form B-008-Vessel Internal Audit checklist (3).md:532",B-008|x|8b44db902b00
B-008,,,"ENVIRONMENTAL PROTECTION & ENERGY MANAGEMENT",,"29. Do quantities on receipts agree with the corresponding ORB entries?",,,,"All vessel types",,"Form B-008-Vessel Internal Audit checklist (3).md:533",B-008|x|2de8343af449
B-008,,,"ENVIRONMENTAL PROTECTION & ENERGY MANAGEMENT",,"30. Is the A/C system properly maintained by experienced/competent personnel and working properly?",,,,"All vessel types",,"Form B-008-Vessel Internal Audit checklist (3).md:534",B-008|x|fc3111b17e42
B-008,,,"ENVIRONMENTAL PROTECTION & ENERGY MANAGEMENT",,"31. Assess procedures and equipment used to maintain refrigeration units, availability and status of refrigerant recovery units, procedures for recovering refrigerants and maintenance of a leak log.",,,,"All vessel types",,"Form B-008-Vessel Internal Audit checklist (3).md:535",B-008|x|cacc7e626325
B-008,,,"ENVIRONMENTAL PROTECTION & ENERGY MANAGEMENT",,"32. Check approved/up to date SOPEP/SMPEP/VRP","These can be combined. Name of OPA-90 qualified individual to be recorded. IMO Coastal Contact List up to date (published on 31/12, 31/3, 30/6 and 30/9). Master aware of port contact procedures. A contact list for this port is available to Master and posted on bridge with contact details of the DMR, ERT, port authorities, P&I, agent and the National pollution reporting centre from the Coastal Contact List",,,"All vessel types",,"Form B-008-Vessel Internal Audit checklist (3).md:536",B-008|x|9f34d7e101a7
B-008,,,"ENVIRONMENTAL PROTECTION & ENERGY MANAGEMENT",,"33. Is the oil pollution prevention equipment available to the SOPEP/SMPEP prescribed positions?",,,,"All vessel types",,"Form B-008-Vessel Internal Audit checklist (3).md:537",B-008|x|a1f5e3ead1c4
B-008,,,"ENVIRONMENTAL PROTECTION & ENERGY MANAGEMENT",,"34. Does the plan include a description of equipment, its location, a plan for deployment and specific crewmember duties for handling small spills?",,,,"All vessel types",,"Form B-008-Vessel Internal Audit checklist (3).md:538",B-008|x|655143fdbf83
B-008,,,"ENVIRONMENTAL PROTECTION & ENERGY MANAGEMENT",,"35. Is the sample piping clearly visible to the maximum possible extent?",,,,"All vessel types",,"Form B-008-Vessel Internal Audit checklist (3).md:539",B-008|x|ce1ac263aa7e
B-008,,,"ENVIRONMENTAL PROTECTION & ENERGY MANAGEMENT",,"36. Are all equipment with oil to sea interface in good condition?",,,,"All vessel types",,"Form B-008-Vessel Internal Audit checklist (3).md:540",B-008|x|1daf0497054f
B-008,,,"ENVIRONMENTAL PROTECTION & ENERGY MANAGEMENT",,"37. If vessel is fitted with Halon fire extinguishing systems, has the Company developed plans for the replacement of such a system, especially if Halon has to be released at any time?",,,,"All vessel types",,"Form B-008-Vessel Internal Audit checklist (3).md:541",B-008|x|4756ad003b2b
B-008,,,"ENVIRONMENTAL PROTECTION & ENERGY MANAGEMENT",,"38. Assess the availability and content of various manuals, schematics and documents required in the use of all pollution prevention equipment and activities.",,,,"All vessel types",,"Form B-008-Vessel Internal Audit checklist (3).md:542",B-008|x|cbd919a6ab4b
B-008,,,"ENVIRONMENTAL PROTECTION & ENERGY MANAGEMENT",,"39. Are related E/R Officers aware of the OWS, Incinerator, etc., operation?",,,,"All vessel types",,"Form B-008-Vessel Internal Audit checklist (3).md:543",B-008|x|b8be9ac8c796
B-008,,,"ENVIRONMENTAL PROTECTION & ENERGY MANAGEMENT",,"40. Check OWS, Incinerator, etc., maintenance records.",,,,"All vessel types",,"Form B-008-Vessel Internal Audit checklist (3).md:544",B-008|x|cea09425b314
B-008,,,"ENVIRONMENTAL PROTECTION & ENERGY MANAGEMENT",,"41. Does the bilge piping match the OWS piping diagram?",,,,"All vessel types",,"Form B-008-Vessel Internal Audit checklist (3).md:545",B-008|x|335b63e390f2
B-008,,,"ENVIRONMENTAL PROTECTION & ENERGY MANAGEMENT",,"42. Date of last OWS test: ………………………..",,date,"42. Date of last OWS test","All vessel types",,"Form B-008-Vessel Internal Audit checklist (3).md:546",B-008|x|db0f71702596
B-008,,,"ENVIRONMENTAL PROTECTION & ENERGY MANAGEMENT",,"43. Is the Sewage Treatment Plant in good condition?",,,,"All vessel types",,"Form B-008-Vessel Internal Audit checklist (3).md:547",B-008|x|e8c0547a32ef
B-008,,,"ENVIRONMENTAL PROTECTION & ENERGY MANAGEMENT",,"44. Are Incinerator operations regularly recorded?",,,,"All vessel types",,"Form B-008-Vessel Internal Audit checklist (3).md:548",B-008|x|d3aa6107d3fa
B-008,,,"ENVIRONMENTAL PROTECTION & ENERGY MANAGEMENT",,"45. Is training provided for the Incinerator as per manufacturer’s instructions?",,,,"All vessel types",,"Form B-008-Vessel Internal Audit checklist (3).md:549",B-008|x|080b49f572de
B-008,,,"ENVIRONMENTAL PROTECTION & ENERGY MANAGEMENT",,"46. Is the EnMS available to all prescribed positions and up to date?",,,,"All vessel types",,"Form B-008-Vessel Internal Audit checklist (3).md:550",B-008|x|53ae15937d51
B-008,,,"ENVIRONMENTAL PROTECTION & ENERGY MANAGEMENT",,"47. Check implementation of Energy Efficiency Measures as per vessel’s SEEMP and improvements into shipboard activities.",,,,"All vessel types",,"Form B-008-Vessel Internal Audit checklist (3).md:551",B-008|x|093df72724ee
B-008,,,"ENVIRONMENTAL PROTECTION & ENERGY MANAGEMENT",,"48. Check proper record keeping of vessel’s N-ENV004 form.",,,,"All vessel types",,"Form B-008-Vessel Internal Audit checklist (3).md:552",B-008|x|fac6f47d2ae4
B-008,,,"ENVIRONMENTAL PROTECTION & ENERGY MANAGEMENT",,"49. Check records of familiarization of crew on SEEMP.",,,,"All vessel types",,"Form B-008-Vessel Internal Audit checklist (3).md:553",B-008|x|c8deef127942
