form,chapter_no,chapter,group,subgroup,question_text,guidance,input_type,input_hint,suggested_applicability,warnings,source_ref,source_key
D-062,1,"General Information","General Information","General Particulars & Operations","Ship Name",,text,,"All vessel types",,"Form D 062 Vessel Inspection Report (2).md:9",D-062|c1|c111d735c66b
D-062,1,"General Information","General Information","General Particulars & Operations",Built,,text,,"All vessel types",,"Form D 062 Vessel Inspection Report (2).md:11",D-062|c1|353c847ec3d5
D-062,1,"General Information","General Information","General Particulars & Operations",Type,,text,,"All vessel types",,"Form D 062 Vessel Inspection Report (2).md:12",D-062|c1|d0a3e7f81a98
D-062,1,"General Information","General Information","General Particulars & Operations","Inspected by",,text,,"All vessel types",,"Form D 062 Vessel Inspection Report (2).md:13",D-062|c1|a23495cfd1e4
D-062,1,"General Information","General Information","General Particulars & Operations","Date of Inspection",,date,,"All vessel types",,"Form D 062 Vessel Inspection Report (2).md:14",D-062|c1|e0643bce8d4c
D-062,1,"General Information","General Information","General Particulars & Operations",Port,,text,,"All vessel types",,"Form D 062 Vessel Inspection Report (2).md:15",D-062|c1|062d8a9dec0f
D-062,1,"General Information","General Information","General Particulars & Operations","Report Reference Number",,text,,"All vessel types",,"Form D 062 Vessel Inspection Report (2).md:16",D-062|c1|8c37c1543015
D-062,1,"General Information","General Information","General Particulars & Operations","Sailing with vessel (If Yes, from / to)",,text,,"All vessel types",,"Form D 062 Vessel Inspection Report (2).md:17",D-062|c1|0ba7c0cbdf3f
D-062,1,"General Information","General Information","General Particulars & Operations",Master,,text,,"All vessel types",,"Form D 062 Vessel Inspection Report (2).md:18",D-062|c1|4f26aeafdb23
D-062,1,"General Information","General Information","General Particulars & Operations","Chief Engineer",,text,,"All vessel types",,"Form D 062 Vessel Inspection Report (2).md:19",D-062|c1|f0d652df4842
D-062,1,"General Information","General Information","General Particulars & Operations","Chief Officer",,text,,"All vessel types",,"Form D 062 Vessel Inspection Report (2).md:20",D-062|c1|cfefb2ee4996
D-062,1,"General Information","General Information","General Particulars & Operations","Operations at the time of inspection (Loading, Discharging, Bunkering, Deballasting, Ballasting, River transit, IGS, Major repairs, COW, Repairs underway, STS, Idle, At anchor, At sea, Other)",,text,,"All vessel types",,"Form D 062 Vessel Inspection Report (2).md:23",D-062|c1|ded149acb54e
D-062,1,"General Information","General Information","General Particulars & Operations","Port of last PSC inspection (If the vessel was detained or if deficiencies were identified check/verify close out)",,text,,"All vessel types",,"Form D 062 Vessel Inspection Report (2).md:29",D-062|c1|1dd15b0dfa00
D-062,1,"General Information","General Information","General Particulars & Operations","Date of last Dry Dock",,date,,"All vessel types",,"Form D 062 Vessel Inspection Report (2).md:30",D-062|c1|5e9472b0ce83
D-062,1,"General Information","General Information","General Particulars & Operations","Next Dry Dock",,date,,"All vessel types",,"Form D 062 Vessel Inspection Report (2).md:30",D-062|c1|a908a73658c3
D-062,1,"General Information","General Information","General Particulars & Operations","Open items, memoranda, Conditions of Class, recommendations, notations, etc.","Where class records address structural issues of concern i.e. bottom pitting, etc. record details as to extent and measures taken. If records indicate that measures have been taken to address or restore loss of longitudinal or transverse strength, record details & repairs undertaken",text,,"All vessel types",,"Form D 062 Vessel Inspection Report (2).md:33",D-062|c1|996a1b21cf72
D-062,1,"General Information","General Information","Other Attendance-Related Activities","SAFETY MEETING HELD ONBOARD (attach relevant minutes)",,text,"IF NO EXPLAIN REASON","All vessel types",,"Form D 062 Vessel Inspection Report (2).md:165",D-062|c1|fe3c48998dd8
D-062,1,"General Information","General Information","Other Attendance-Related Activities","SAFETY DRILL CONDUCTED ONBOARD",,text,"IF YES SPECIFY TYPE:","All vessel types",,"Form D 062 Vessel Inspection Report (2).md:169",D-062|c1|8ad4c2bcc654
D-062,1,"General Information","General Information","Other Attendance-Related Activities","TRAINING SEMINAR(S) CONDUCTED ONBOARD",,text,"IF YES SPECIFY TYPE:","All vessel types",,"Form D 062 Vessel Inspection Report (2).md:173",D-062|c1|3f1d87c3b6da
D-062,1,"General Information","General Information","Other Attendance-Related Activities","PMS TRAINING PROVIDED TO C/E AND REST SENIOR OFFICERS",,text,"PROVIDE DETAILS:","All vessel types",,"Form D 062 Vessel Inspection Report (2).md:177",D-062|c1|2481e833fdab
D-062,1,"General Information","General Information","Other Attendance-Related Activities","PMS RECORDS COMPARED WITH ACTUAL SHIP CONDITION",,text,"COMMENTS (IF ANY):","All vessel types",,"Form D 062 Vessel Inspection Report (2).md:181",D-062|c1|c965fc1b1a72
D-062,1,"General Information","General Information","Other Attendance-Related Activities","CRITICAL EQUIPMENT TESTED IN SUPERINTENDENT’S PRESENCE",,text,"PROVIDE DETAILS:","All vessel types",,"Form D 062 Vessel Inspection Report (2).md:185",D-062|c1|04e682629664
D-062,1,"General Information","General Information","Other Attendance-Related Activities","WORK/REST HOURS RECORDS CROSS CHECKED WITH LOGBOOKS",,text,"COMMENTS (IF ANY):","All vessel types",,"Form D 062 Vessel Inspection Report (2).md:189",D-062|c1|b23d94c8be20
D-062,1,"General Information","General Information","Other Attendance-Related Activities","VESSEL’S RISK ASSESSMENTS REVIEWED BY SUPERINTENDENT",,text,"COMMENTS (IF ANY):","All vessel types",,"Form D 062 Vessel Inspection Report (2).md:193",D-062|c1|b143c41086cb
D-062,1,"General Information","General Information","Other Attendance-Related Activities","IDENTIFIED ‘NEAR MISSES’ BY SUPERINTENDENT (attach documentation)",,text,"COMMENTS (IF ANY):","All vessel types",,"Form D 062 Vessel Inspection Report (2).md:197",D-062|c1|0276e727aab0
D-062,1,"General Information","General Information","Other Attendance-Related Activities","APPRAISALS FOR CREW ATTACHED TO THIS REPORT","special emphasis to be placed for familiarity to using equipment",text,"PROVIDE DETAILS (INCL. IDENTIFIED TRAINING NEEDS, IF ANY):","All vessel types",,"Form D 062 Vessel Inspection Report (2).md:201",D-062|c1|e16aa5ab7167
D-062,1,"General Information","General Information","Other Attendance-Related Activities","VERIFICATION OF PENDING WORKS","defects, job orders and rest pending works reported by the vessel as completed",text,"PROVIDE FURTHER COMMENTS (IF ANY FURTHER FOLLOW-UP IS NEEDED):","All vessel types",,"Form D 062 Vessel Inspection Report (2).md:205",D-062|c1|a14bb0be1f9e
D-062,2,"Certification & Documentation","Certification & Documentation","Certification & Documentation","1. Class, Statutory and other Certificates to be verified in good order.",,,,"All vessel types",,"Form D 062 Vessel Inspection Report (2).md:220",D-062|c2|659e1a12a3d5
D-062,2,"Certification & Documentation","Certification & Documentation","Certification & Documentation","2. Master’s Certificates Filing System to be confirmed in good order.",,,,"All vessel types",,"Form D 062 Vessel Inspection Report (2).md:221",D-062|c2|ce6c176a2412
D-062,2,"Certification & Documentation","Certification & Documentation","Certification & Documentation","3. Company’s procedures & manuals compliance with ISM requirements.",,,,"All vessel types",,"Form D 062 Vessel Inspection Report (2).md:222",D-062|c2|18cbee80c2e4
D-062,2,"Certification & Documentation","Certification & Documentation","Certification & Documentation","4. Company’s representatives visit as per procedures and at least bi-annually.",,,,"All vessel types",,"Form D 062 Vessel Inspection Report (2).md:223",D-062|c2|abbd57c06697
D-062,2,"Certification & Documentation","Certification & Documentation","Certification & Documentation","5. Vessel’s Internal audit reports and close out system of any Observations or Non- Conformities.",,,,"All vessel types",,"Form D 062 Vessel Inspection Report (2).md:224",D-062|c2|d25c0079834e
D-062,2,"Certification & Documentation","Certification & Documentation","Certification & Documentation","6. Master’s review of the SMS along with any reported deficiencies along with office’s response.",,,,"All vessel types",,"Form D 062 Vessel Inspection Report (2).md:225",D-062|c2|fd3eb8d0165c
D-062,2,"Certification & Documentation","Certification & Documentation","Certification & Documentation","7. Class survey reports available & free of any conditions of class, recommendations, memoranda.",,,,"All vessel types",,"Form D 062 Vessel Inspection Report (2).md:226",D-062|c2|4e33ea685c1c
D-062,2,"Certification & Documentation","Certification & Documentation","Certification & Documentation","8. ESP File available and adequately maintained.",,,,"All vessel types",,"Form D 062 Vessel Inspection Report (2).md:227",D-062|c2|025cdc348e03
D-062,2,"Certification & Documentation","Certification & Documentation","Certification & Documentation","9. Condition Assessment Scheme if available",,,,"All vessel types",markdown_emphasis_artifact,"Form D 062 Vessel Inspection Report (2).md:228",D-062|c2|ab7f400a25f7
D-062,2,"Certification & Documentation","Certification & Documentation","Certification & Documentation","10. Main machinery items type approval certificates, tested and sea trial records","for m/e, d/g, st. gear, and type approval certificates for other auxiliary machinery (sewage plant, ows, etc.)",,,"All vessel types",markdown_emphasis_artifact,"Form D 062 Vessel Inspection Report (2).md:229",D-062|c2|80f8bdc66f79
D-062,2,"Certification & Documentation","Certification & Documentation","Certification & Documentation","11. Other equipment type approval & last inspection certificates (as applicable).",,,,"All vessel types",markdown_emphasis_artifact,"Form D 062 Vessel Inspection Report (2).md:230",D-062|c2|2c3c5de9bd99
D-062,2,"Certification & Documentation","Certification & Documentation","Certification & Documentation","12. Compare equipment with relevant inventories",,,,"All vessel types",markdown_emphasis_artifact,"Form D 062 Vessel Inspection Report (2).md:231",D-062|c2|8e800fde0749
D-062,3,"Crew Management","Crew Management","Crew Management Welfare & Living Conditions","1. Manning level adequate and exceeding the required by the Minimum Safe Manning Certificate.",,,,"All vessel types",markdown_emphasis_artifact,"Form D 062 Vessel Inspection Report (2).md:242",D-062|c3|9defdf5985d0
D-062,3,"Crew Management","Crew Management","Crew Management Welfare & Living Conditions","2. Records of Rest Hours to be confirmed in good order and following the STCW and Flag regulations.",,,,"All vessel types",markdown_emphasis_artifact,"Form D 062 Vessel Inspection Report (2).md:243",D-062|c3|56822b1cf5a8
D-062,3,"Crew Management","Crew Management","Crew Management Welfare & Living Conditions","3. Records that all deck officers BRM BTM course is available.",,,,"All vessel types",markdown_emphasis_artifact,"Form D 062 Vessel Inspection Report (2).md:244",D-062|c3|a1bcf6b5bee5
D-062,3,"Crew Management","Crew Management","Crew Management Welfare & Living Conditions","4. Records that all senior deck officers have attended a ship handling course.",,,,"All vessel types",markdown_emphasis_artifact,"Form D 062 Vessel Inspection Report (2).md:245",D-062|c3|7388ee364e67
D-062,3,"Crew Management","Crew Management","Crew Management Welfare & Living Conditions","5. In case High Voltage equipment is available are there specific procedures available. Is there a formal and appropriate programme of regular medical examinations for personnel being employed in chemical carriers?",,,,"All vessel types",markdown_emphasis_artifact,"Form D 062 Vessel Inspection Report (2).md:246",D-062|c3|901594c799ee
D-062,3,"Crew Management","Crew Management","Crew Management Welfare & Living Conditions","6. An officers Matrix to be available and reflect the information related to the officers currently on board.",,,,"All vessel types",markdown_emphasis_artifact,"Form D 062 Vessel Inspection Report (2).md:247",D-062|c3|4c7582a9feaa
D-062,3,"Crew Management","Crew Management","Crew Management Welfare & Living Conditions","7. Officers who have immediate responsibility for cargo transfer to be in possession of the Certificates of Specialized Training as applicable to the type of cargo being carried.",,,,"All vessel types",markdown_emphasis_artifact,"Form D 062 Vessel Inspection Report (2).md:248",D-062|c3|72aec84483af
D-062,3,"Crew Management","Crew Management","Crew Management Welfare & Living Conditions","8. Company’s procedure for drug and alcohol to be duly implemented and complied with.",,,,"All vessel types",markdown_emphasis_artifact,"Form D 062 Vessel Inspection Report (2).md:249",D-062|c3|9b31ff6a88d4
D-062,3,"Crew Management","Crew Management","Crew Management Welfare & Living Conditions","9. Last unannounced drug & alcohol test by external agency dated: ……….",,date,"ast unannounced drug & alcohol test by external agency dated","All vessel types",markdown_emphasis_artifact,"Form D 062 Vessel Inspection Report (2).md:250",D-062|c3|13b171670030
D-062,3,"Crew Management","Crew Management","Crew Management Welfare & Living Conditions","10. Last unannounced alcohol test on board dated: ……………",,date,"10. Last unannounced alcohol test on board dated","All vessel types",markdown_emphasis_artifact,"Form D 062 Vessel Inspection Report (2).md:251",D-062|c3|960339de6d7c
D-062,3,"Crew Management","Crew Management","Crew Management Welfare & Living Conditions","11. Hygiene to be confirmed in good order.",,,,"All vessel types",markdown_emphasis_artifact,"Form D 062 Vessel Inspection Report (2).md:252",D-062|c3|59ee615c0067
D-062,3,"Crew Management","Crew Management","Crew Management Welfare & Living Conditions","12. Food quality, quantity & EXPIRATION DATES to be confirmed in good order.",,,,"All vessel types",markdown_emphasis_artifact,"Form D 062 Vessel Inspection Report (2).md:253",D-062|c3|409c89ca5369
D-062,3,"Crew Management","Crew Management","Crew Management Welfare & Living Conditions","13. Officers & Crew HSQE awareness/performance to be noted.",,,,"All vessel types",markdown_emphasis_artifact,"Form D 062 Vessel Inspection Report (2).md:254",D-062|c3|71d9ad742bd8
D-062,3,"Crew Management","Crew Management","Crew Management Welfare & Living Conditions","14. To confirm PPE worn by all officers & crew as required and PPE in good condition.",,,,"All vessel types",markdown_emphasis_artifact,"Form D 062 Vessel Inspection Report (2).md:255",D-062|c3|7abd5167a236
D-062,3,"Crew Management","Crew Management","Crew Management Welfare & Living Conditions","15. Officers & Crew Duty & Responsibility awareness to be noted.",,,,"All vessel types",markdown_emphasis_artifact,"Form D 062 Vessel Inspection Report (2).md:256",D-062|c3|1b5fff80569a
D-062,3,"Crew Management","Crew Management","Crew Management Welfare & Living Conditions","16. Brief Appraisal for Officers & Crew to be noted below","As a minimum for: Master, Chief Engineer, Chief Officer & 2nd Engineer",,,"All vessel types",markdown_emphasis_artifact,"Form D 062 Vessel Inspection Report (2).md:257",D-062|c3|f2d921384c93
D-062,3,"Crew Management","Crew Management","Crew Management Welfare & Living Conditions","17. Officers & Crew Training needs, if any, to be recorded in the comments section. Any on board training performed during the attendance to be recorded accordingly and relevant Form E-004-Emergency Training Record.",,,,"All vessel types",markdown_emphasis_artifact,"Form D 062 Vessel Inspection Report (2).md:258",D-062|c3|d133c40014bc
D-062,4,Navigation,Navigation,"Navigation - General","1. Company’s navigation instructions and procedures available on bridge.",,,,"All vessel types",,"Form D 062 Vessel Inspection Report (2).md:270",D-062|c4|a0dc1846acd9
D-062,4,Navigation,Navigation,"Navigation - General","2. Master Standing Orders/Night Orders (Countersigned “AS READ & UNDERSTOOD” by the Officers).",,,,"All vessel types",,"Form D 062 Vessel Inspection Report (2).md:271",D-062|c4|c018233e0cc2
D-062,4,Navigation,Navigation,"Navigation - General","3. Bridge Logbook (Properly kept, in ink, check entries).",,,,"All vessel types",,"Form D 062 Vessel Inspection Report (2).md:272",D-062|c4|bc80d98da03d
D-062,4,Navigation,Navigation,"Navigation - General","4. Procedures in place for the testing of bridge equipment before arrival and departure.",,,,"All vessel types",,"Form D 062 Vessel Inspection Report (2).md:273",D-062|c4|a032cc3b9fe2
D-062,4,Navigation,Navigation,"Navigation - General","5. Records maintained of fire and safety rounds being completed after each watch.",,,,"All vessel types",,"Form D 062 Vessel Inspection Report (2).md:274",D-062|c4|b7b86c35a816
D-062,4,Navigation,Navigation,"Navigation - General","6. Checklists for pre-arrival, pre-departure, watch handover, Pilot-Master exchange and pilot card effectively completed and available.",,,,"All vessel types",,"Form D 062 Vessel Inspection Report (2).md:275",D-062|c4|acda1b64857b
D-062,4,Navigation,Navigation,"Navigation - General","7. Minimum under keel clearance and squat are duly calculated and available on each passage plan.",,,,"All vessel types",,"Form D 062 Vessel Inspection Report (2).md:276",D-062|c4|1332f530e21f
D-062,4,Navigation,Navigation,"Navigation - General","8. Bridge must be adequately manned at all stages of the voyage, at Anchor and wherever it is required.",,,,"All vessel types",,"Form D 062 Vessel Inspection Report (2).md:277",D-062|c4|381db898d3f8
D-062,4,Navigation,Navigation,"Navigation - General","9. All Charts, nautical publications (Paper and Electronic) and other publications are on board and maintained up to date.",,,,"All vessel types",parenthetical_not_trailing,"Form D 062 Vessel Inspection Report (2).md:278",D-062|c4|15891c493f38
D-062,4,Navigation,Navigation,"Navigation - General","10. Master and deck officer’s familiar with the operation of the ECDIS system fitted on board and able to produce appropriate documentation that generic training and type-specific familiarization has been undertaken.",,,,"All vessel types",,"Form D 062 Vessel Inspection Report (2).md:279",D-062|c4|c22d1be81737
D-062,4,Navigation,Navigation,"Navigation - General","11. Passage planning to be confirmed in order for the previous voyage and to cover the full voyage from berth to berth.",,,,"All vessel types",,"Form D 062 Vessel Inspection Report (2).md:280",D-062|c4|b20b15633337
D-062,4,Navigation,Navigation,"Navigation - General","12. Position fixing intervals including the use of parallel indexing satisfactory throughout the voyage and the frequency of plotted fixes in accordance with the passage plan.",,,,"All vessel types",,"Form D 062 Vessel Inspection Report (2).md:281",D-062|c4|1777c4c0dba9
D-062,4,Navigation,Navigation,"Navigation - General","13. Monitoring navigational warnings and are they being properly monitored.",,,,"All vessel types",,"Form D 062 Vessel Inspection Report (2).md:282",D-062|c4|5e51868c57ed
D-062,4,Navigation,Navigation,"Bridge/Navigation Equipment","14. RADARS (S AND X BAND) & ARPA (Examine correct operation, performance tests on each watch).",,,,"All vessel types",,"Form D 062 Vessel Inspection Report (2).md:284",D-062|c4|086363459189
D-062,4,Navigation,Navigation,"Bridge/Navigation Equipment","15. RADAR TRANSPONDERS (At least 2. Check expiry date of battery).",,,,"All vessel types",,"Form D 062 Vessel Inspection Report (2).md:285",D-062|c4|7c44f73685b6
D-062,4,Navigation,Navigation,"Bridge/Navigation Equipment","16. GYRO COMPASS & REPEATERS PELORUS - MEANS FOR TAKING BEARINGS","Records of shore maintenance to be available. Examine alignment of the Master and all repeaters",,,"All vessel types",,"Form D 062 Vessel Inspection Report (2).md:286",D-062|c4|9c3363872581
D-062,4,Navigation,Navigation,"Bridge/Navigation Equipment","17. MAGNETIC COMPASS","Properly adjusted, annual deviation card, compass error book filled in every watch. Examine the sitting movement illumination, liquid level and means of communication",,,"All vessel types",,"Form D 062 Vessel Inspection Report (2).md:287",D-062|c4|876c9ec5b18a
D-062,4,Navigation,Navigation,"Bridge/Navigation Equipment","18. SPARE MAGNETIC COMPASS (Interchangeable with standard compass).",,,,"All vessel types",,"Form D 062 Vessel Inspection Report (2).md:288",D-062|c4|6bcb43cc4d9d
D-062,4,Navigation,Navigation,"Bridge/Navigation Equipment","19. STEERING WHEEL & AUTOPILOT","Instructions for autopilot (dis)engagement, emergency to bridge steering change-over instructions. Autopilot of course alarm, steering pumps failure alarm. Auto to manual steering changeover recorded during periods of river transits and when navigating through restricted Waters.",,,"All vessel types",,"Form D 062 Vessel Inspection Report (2).md:289",D-062|c4|668efd4d695d
D-062,4,Navigation,Navigation,"Bridge/Navigation Equipment","20. ECHO SOUNDER (Check readings with chart, start/stop time, date/position recorded). SETTING OF DEPTH ALARM",,,,"All vessel types",parenthetical_not_trailing,"Form D 062 Vessel Inspection Report (2).md:290",D-062|c4|0ba420bf8b47
D-062,4,Navigation,Navigation,"Bridge/Navigation Equipment","21. SPEED LOG (reading to be connected to ARPA, “speed through the water”).",,,,"All vessel types",,"Form D 062 Vessel Inspection Report (2).md:291",D-062|c4|b305ccc9e0a6
D-062,4,Navigation,Navigation,"Bridge/Navigation Equipment","22. AIS (Vessel data correctly entered and up to date).",,,,"All vessel types",,"Form D 062 Vessel Inspection Report (2).md:292",D-062|c4|f7851beb18aa
D-062,4,Navigation,Navigation,"Bridge/Navigation Equipment","23. GPS & DGPS (to be adjusted to the correct datum).",,,,"All vessel types",,"Form D 062 Vessel Inspection Report (2).md:293",D-062|c4|b6eb1ccd1feb
D-062,4,Navigation,Navigation,"Bridge/Navigation Equipment","24. NAVTEX",,,,"All vessel types",,"Form D 062 Vessel Inspection Report (2).md:294",D-062|c4|19a106c945ec
D-062,4,Navigation,Navigation,"Bridge/Navigation Equipment","25. COURSE RECORDER",,,,"All vessel types",,"Form D 062 Vessel Inspection Report (2).md:295",D-062|c4|cde8d3ef3b12
D-062,4,Navigation,Navigation,"Bridge/Navigation Equipment","26. ALDIS (Test functioning with independent power source).",,,,"All vessel types",,"Form D 062 Vessel Inspection Report (2).md:296",D-062|c4|b6bb72db3f9d
D-062,4,Navigation,Navigation,"Bridge/Navigation Equipment","27. NAVIGATION LIGHTS & SHAPES & SOUND SIGNALS","Shapes: 3 balls, 1 cylinder and 1 diamond shape. Navigation lights panel fitted with alarm. Primary & secondary systems in order, procedure to check light failure alarm",,,"All vessel types",,"Form D 062 Vessel Inspection Report (2).md:297",D-062|c4|3fd23a77167e
D-062,4,Navigation,Navigation,"Bridge/Navigation Equipment","28. WHISTLE, BELL",,,,"All vessel types",,"Form D 062 Vessel Inspection Report (2).md:298",D-062|c4|12c07320e8e1
D-062,4,Navigation,Navigation,"Bridge/Navigation Equipment","29. BNWAS (To be switched ON and operations at sea and AT ANCHOR not to be operated in AUTO mode). KEYS IN THE CONTROL OF THE MASTER",,,,"All vessel types",parenthetical_not_trailing,"Form D 062 Vessel Inspection Report (2).md:299",D-062|c4|b20d5f909727
D-062,4,Navigation,Navigation,"Bridge/Navigation Equipment","30. Master Standing Orders/Night Orders (Countersigned “AS READ & UNDERSTOOD” by the Officers).",,,,"All vessel types",,"Form D 062 Vessel Inspection Report (2).md:300",D-062|c4|7e7997b1f2cb
D-062,4,Navigation,Navigation,"Bridge/Navigation Equipment","31. PROPELLER REV (RPM) INDICATOR RUDDER ANGLE (INTO THE BRIDGE & WINGS) – CROSSCHECK INDICATIONS & ILLUMINATION",,,,"All vessel types",parenthetical_not_trailing,"Form D 062 Vessel Inspection Report (2).md:311",D-062|c4|a7e5a3efadfb
D-062,4,Navigation,Navigation,"Bridge/Navigation Equipment","32. MANEUVERING (BALLAST/LADEN) CHARACTERISTICS (Displayed on the bridge). AS PER IMO RESOLUTION A.601(15).",,,,"All vessel types",,"Form D 062 Vessel Inspection Report (2).md:312",D-062|c4|66bb140f4b17
D-062,4,Navigation,Navigation,"Bridge/Navigation Equipment","33. RATE OR TURN INDICATOR (Required for vessels above 100,000 GT).",,,,"All vessel types",,"Form D 062 Vessel Inspection Report (2).md:313",D-062|c4|dda59a429931
D-062,4,Navigation,Navigation,"Bridge/Navigation Equipment","34. VOYAGE DATA RECORDER (VDR). INSTRUCTIONS TO RETRIEVE DATA, SPARE USB / DISC",,,,"All vessel types",parenthetical_not_trailing,"Form D 062 Vessel Inspection Report (2).md:314",D-062|c4|f351689a6b1b
D-062,4,Navigation,Navigation,"Bridge/Navigation Equipment","35. ECDIS PLANT ELECTRONIC CHARTS (Approved back up system available and up to date.",,,,"All vessel types",unbalanced_parenthesis,"Form D 062 Vessel Inspection Report (2).md:315",D-062|c4|275bc64458b3
D-062,5,"Safety Management","Safety Management","Safety Management - General","1. Safety officer is effectively performing duties associated with this role and equipment and CERTIFIED ACCORDINGLY",,,,"All vessel types",,"Form D 062 Vessel Inspection Report (2).md:327",D-062|c5|f25fbf52e3b1
D-062,5,"Safety Management","Safety Management","Safety Management - General","2. All officers’ and crew familiar with operation of firefighting lifesaving and other emergency equipment.",,,,"All vessel types",,"Form D 062 Vessel Inspection Report (2).md:328",D-062|c5|c54a8cddd378
D-062,5,"Safety Management","Safety Management","Safety Management - General","3. Implementation of Permit to Work system & Risk Assessments to be verified according to Company SMS. Relevant records to be reviewed.",,,,"All vessel types",,"Form D 062 Vessel Inspection Report (2).md:329",D-062|c5|888cfee26761
D-062,5,"Safety Management","Safety Management","Safety Management - General","4. HSQE awareness and compliance with safety procedures to be verified as far as practicable.",,,,"All vessel types",,"Form D 062 Vessel Inspection Report (2).md:330",D-062|c5|f7f626ab29b3
D-062,5,"Safety Management","Safety Management","Safety Management - General","5. Safety Briefing/Familiarization on boarding to be performed by Safety Officer.",,,,"All vessel types",,"Form D 062 Vessel Inspection Report (2).md:331",D-062|c5|222bad56143a
D-062,5,"Safety Management","Safety Management","Safety Management - General","6. Briefing on the latest and more important IMS amendments",,,,"All vessel types",,"Form D 062 Vessel Inspection Report (2).md:332",D-062|c5|b435c7ec0b78
D-062,5,"Safety Management","Safety Management","Safety Management - General","7. Any identified First Aid cases (crew having bandages etc) should be cross checked against the First Aid Cases reporting and the Medical Log Book, in order to identify any “non-reported” cases.",,,,"All vessel types",parenthetical_not_trailing,"Form D 062 Vessel Inspection Report (2).md:333",D-062|c5|369e549d5a5d
D-062,5,"Safety Management","Safety Management","Safety Management - General","8. FIRE PLANS","Updated, approved and posted at appropriate places. Copies in watertight containers, outside accommodation P&S, with an updated crew list",,,"All vessel types",,"Form D 062 Vessel Inspection Report (2).md:334",D-062|c5|8fc186e556b3
D-062,5,"Safety Management","Safety Management","Safety Management - General","9. POSITION OF LSA AND FFE","All equipment described on fire plans correspondingly positioned, available and ready for use",,,"All vessel types",,"Form D 062 Vessel Inspection Report (2).md:335",D-062|c5|c4a9f04ced3e
D-062,5,"Safety Management","Safety Management","Safety Management - General","10. SAFE WORKING PRACTICES & PERMIT ISSUANCE SYSTEM","Ensure crew awareness and verify by physical checking of issued permits and rest available documentation",,,"All vessel types",,"Form D 062 Vessel Inspection Report (2).md:336",D-062|c5|f77266c038da
D-062,5,"Safety Management","Safety Management","Safety Management - General","11. ISGOTT Ship/Shore Safety Check List (SSSCL) available and are its provisions being complied with.",,,,"All vessel types",parenthetical_not_trailing,"Form D 062 Vessel Inspection Report (2).md:337",D-062|c5|ccf68fd5a085
D-062,5,"Safety Management","Safety Management","Safety Management - General","12. Smoking regulations posted and being adhered to and are smoke rooms adequately identified.",,,,"All vessel types",,"Form D 062 Vessel Inspection Report (2).md:338",D-062|c5|975908ff75e3
D-062,5,"Safety Management","Safety Management","Safety Management - General","13. Accommodation space atmosphere being maintained at a higher pressure than that of the ambient air.",,,,"All vessel types",,"Form D 062 Vessel Inspection Report (2).md:339",D-062|c5|1ee853ae8199
D-062,5,"Safety Management","Safety Management","Safety Management - General","14. General Appearance (loose items, deck stores, internal spaces properly secured).",,,,"All vessel types",,"Form D 062 Vessel Inspection Report (2).md:340",D-062|c5|a2538cdeddc0
D-062,5,"Safety Management","Safety Management","Safety Management - General","15. Hot Work Procedures to be properly followed in accordance with ISGOTT","Electric & gas welding equipment to be in good condition, cylinders properly stored, relevant documentation to be available & properly filled",,,"All vessel types",,"Form D 062 Vessel Inspection Report (2).md:341",D-062|c5|7fdb6362fc9f
D-062,5,"Safety Management","Safety Management","Safety Management - General","16. SOLAS SAFETY & FIRE TRAINING MANUAL","Ship specific lists included, available in mess rooms and crew trained",,,"All vessel types",,"Form D 062 Vessel Inspection Report (2).md:342",D-062|c5|8e391471510b
D-062,5,"Safety Management","Safety Management","Safety Management - General","17. Safety meeting to be held on board and records of meeting minutes to be recorded in the relevant form B-001 Safety and Environmental Committee Meeting Minutes.",,,,"All vessel types",,"Form D 062 Vessel Inspection Report (2).md:343",D-062|c5|07edf7f945f2
D-062,5,"Safety Management","Safety Management","Safety Management - Security","18. MEANS OF CLOSING RESTRICTED AREA DOORS AVAILABLE AND EASILY OPERABLE (Easily removable). NOT IN CONFLICT WITH SAFETY",,,,"All vessel types",parenthetical_not_trailing,"Form D 062 Vessel Inspection Report (2).md:345",D-062|c5|e5117f8f61b3
D-062,5,"Safety Management","Safety Management","Safety Management - Security","19. PADLOCKS","Test operation, space served / corresponding key identifiable",,,"All vessel types",,"Form D 062 Vessel Inspection Report (2).md:346",D-062|c5|a1eb61c0d916
D-062,5,"Safety Management","Safety Management","Safety Management - Security","20. SHIP SECURITY ALERT SYSTEM (SSAS)","Maintenance & test records, operational and complies with Flag",,,"All vessel types",,"Form D 062 Vessel Inspection Report (2).md:347",D-062|c5|cabdee1ecc19
D-062,5,"Safety Management","Safety Management","Safety Management - Security","21. HAND HELD METAL DETECTORS (General examination, test).",,,,"All vessel types",,"Form D 062 Vessel Inspection Report (2).md:348",D-062|c5|b95374dd7424
D-062,5,"Safety Management","Safety Management","Safety Management - Security","22. MARKINGS (All restricted areas adequately marked).",,,,"All vessel types",,"Form D 062 Vessel Inspection Report (2).md:349",D-062|c5|e1659105c5d8
D-062,5,"Safety Management","Safety Management","Safety Management - Security","23. DOCUMENTATION (Master & SSO aware of SSP and related forms filed).",,,,"All vessel types",,"Form D 062 Vessel Inspection Report (2).md:350",D-062|c5|eafbb2182f36
D-062,5,"Safety Management","Safety Management","LIFE SAVING EQUIPMENT Life Boats and Davits","24. LIFEBOATS ENCLOSED OR OPEN TYPE, FREE FALL LIFEBOAT AND LAUNCHING MECHANISMS","Check hull & keel for deformations, attachments (life lines, bilge keep, hand rail, etc.), buoyancy compartments for watertightness/fractures, rudder & hinges, lifting hooks & supporting structure for corrosion, detachment from hull. Number of persons, vessel name/port of registry, Call sign written on hull. SOLAS reflective tapes. Stowed so that 2 crewmembers can prepare for embarkation & launching in<5 minutes. Free-fall lifeboat fitted with a release system to test the release system without launching the lifeboat. Means of identifying the ship to which the lifeboat belongs and number of lifeboat to be marked & visible from above. Condition of rudder, propeller, FO tank, retro-effective tape and air tanks",,,"All vessel types",escaped_comparison_operator,"Form D 062 Vessel Inspection Report (2).md:352",D-062|c5|7ed60f598b34
D-062,5,"Safety Management","Safety Management","LIFE SAVING EQUIPMENT Life Boats and Davits","25. RESCUE BOAT & LAUNCHING ARRANGEMENT","Rescue boats stowed for launching in < 5 minutes & have 2 release capabilities, one off-load & one on-load, or only one if rescue boat can only be released when waterborne. The on-load release to be protected against accidental or premature use (i.e. on-load operation of release mechanism shall require a sustained action by the operator). To prevent an accidental release, the mechanical protection (interlock) should only engage when the release mechanism is completely set. Instructions provided with a warning notice. Where a single fall or hook system is used for launching, a single capability to release the rescue boat only when it is waterborne is adequate",,,"All vessel types",markdown_emphasis_artifact;escaped_comparison_operator,"Form D 062 Vessel Inspection Report (2).md:363",D-062|c5|cf4a7d5daf4a
D-062,5,"Safety Management","Safety Management","LIFE SAVING EQUIPMENT Life Boats and Davits","26. LIFEBOATS EQUIPMENT","According to LSA code, condition and expiry dates of flares, smoke signals, knife, backet, etc. as required by SOLAS",,,"All vessel types",markdown_emphasis_artifact,"Form D 062 Vessel Inspection Report (2).md:364",D-062|c5|8edca5c5974a
D-062,5,"Safety Management","Safety Management","LIFE SAVING EQUIPMENT Life Boats and Davits","27. LIFEBOAT/LIFERAFT TYPE APPROVAL/MAINTENANCE CERTS, LIFEBOAT ON LOAD RELEASE & WINCHES LOAD TEST ATTESTATIONS FROM CLASS",,,,"All vessel types",markdown_emphasis_artifact,"Form D 062 Vessel Inspection Report (2).md:365",D-062|c5|0f82f0f5b0be
D-062,5,"Safety Management","Safety Management","LIFE SAVING EQUIPMENT Life Boats and Davits","28. DAVITS (Check corrosion, hinges, rails, wheels, limit switches).",,,,"All vessel types",markdown_emphasis_artifact,"Form D 062 Vessel Inspection Report (2).md:366",D-062|c5|28befc067c1a
D-062,5,"Safety Management","Safety Management","LIFE SAVING EQUIPMENT Life Boats and Davits","29. DAVIT WINCHES AND BRAKES","Check wire reeling, drum, motor, brake records of inspection during last drydock",,,"All vessel types",markdown_emphasis_artifact,"Form D 062 Vessel Inspection Report (2).md:367",D-062|c5|5e492d20887d
D-062,5,"Safety Management","Safety Management","LIFE SAVING EQUIPMENT Life Boats and Davits","30. LIFEBOAT WIRES: Date renewed: ……………………(DD/MM/YYYY. Falls used in launching shall be inspected periodically\ with special regard for areas passing through sheaves, and renewed when necessary due to deterioration of the falls or at intervals of not more than 5 years, whichever is the earlier.",,date,"Date renewed","All vessel types",unbalanced_parenthesis;markdown_emphasis_artifact,"Form D 062 Vessel Inspection Report (2).md:368",D-062|c5|576df2e4ed33
D-062,5,"Safety Management","Safety Management","LIFE SAVING EQUIPMENT Life Boats and Davits","31. LIFEBOAT ENGINES","Condition, carry out starting test (ahead – astern), check test records",,,"All vessel types",markdown_emphasis_artifact,"Form D 062 Vessel Inspection Report (2).md:369",D-062|c5|f6721a7ee648
D-062,5,"Safety Management","Safety Management","LIFE SAVING EQUIPMENT Life Boats and Davits","32. ON LOAD RELEASE MECHANISM","Check test & maintenance records from last drydock, annual inspection records. Serviced at recommended intervals and operationally tested under a load of 1.1 X total mass of lifeboat when loaded with its full persons & equipment whenever the release gear is overhauled. Such overhauling/test to be carried out at least once every 5 years. Check PMS",,,"All vessel types",markdown_emphasis_artifact,"Form D 062 Vessel Inspection Report (2).md:370",D-062|c5|5f480fffae15
D-062,5,"Safety Management","Safety Management","LIFE SAVING EQUIPMENT Life Boats and Davits","33. FOOD RATIONS AND WATER SUPPLY (Check expiry dates).",,,,"All vessel types",markdown_emphasis_artifact,"Form D 062 Vessel Inspection Report (2).md:371",D-062|c5|bb0e569afa5f
D-062,5,"Safety Management","Safety Management","LIFE SAVING EQUIPMENT Life Boats and Davits","34. MUSTER STATIONS EMERGENCY LIGHTING",,,,"All vessel types",markdown_emphasis_artifact,"Form D 062 Vessel Inspection Report (2).md:372",D-062|c5|d73e57f74645
D-062,5,"Safety Management","Safety Management","LIFE SAVING EQUIPMENT Life Boats and Davits","35. MUSTER STATION LAUNCHING INSTRUCTIONS (Posted at muster station).",,,,"All vessel types",markdown_emphasis_artifact,"Form D 062 Vessel Inspection Report (2).md:373",D-062|c5|80dab6689c98
D-062,5,"Safety Management","Safety Management","LIFE SAVING EQUIPMENT Life Boats and Davits","36. An abandon ship drill to be conducted during the attendance. If possible (weather and conditions permit safe launching), the lifeboat to be lowered to sea and tested, including on-load release, engine ahead/astern, and sprinkler system. Freefall lifeboats launching to be demonstrated by simulation. If possible (weather and conditions permit safe launching), Free-Fall Lifeboats to be launched by Davit and Lifeboat tested. All necessary safety precautions to be taken (please refer to MSC.1/Circ.1206/Rev.1).",,,,"All vessel types",markdown_emphasis_artifact,"Form D 062 Vessel Inspection Report (2).md:374",D-062|c5|fcdc42b50e28
D-062,5,"Safety Management","Safety Management","LIFE SAVING EQUIPMENT Life Boats and Davits","37. SPARES STORES, CARPENTER’S/BOSUN STORES, ETC. (Spares/tools properly stowed/secured).",,,,"All vessel types",markdown_emphasis_artifact,"Form D 062 Vessel Inspection Report (2).md:375",D-062|c5|a5b6212fc296
D-062,5,"Safety Management","Safety Management","Life Rafts","38. NUMBER & POSITION","One P&S covering complete crew plus one for 6 persons fwd, if length from accommodation to fcle>100m. One or more inflatable or rigid liferafts stowed for easy side-to-side transfer at a single open deck level for total number of persons. If not stowed in a position like this, the total capacity available on each side shall be for total number of persons. If a free-fall lifeboat is fitted, ships shall have one or more inflatable or rigid liferafts, on each side for the total number of persons. The liferafts on at least one side shall have launching appliances. For davit launched liferafts, the launching appliances include an automatic release hook to prevent premature release during lowering & release the liferaft when waterborne. The release hook to include a capability to release the hook under load. The on-load release control shall: a. Be differentiated from the control which activates the automatic release; b. Require at least two separate actions to operate; c. Be designed such that crew members on deck can observe when the release mechanism is properly and completely set",,,"All vessel types",markdown_emphasis_artifact;escaped_comparison_operator,"Form D 062 Vessel Inspection Report (2).md:377",D-062|c5|0b2dd690eb82
D-062,5,"Safety Management","Safety Management","Life Rafts","39. STOWAGE & HYDROSTATIC RELEASE CORRECTLY ATTACHED","Painter permanently attached to ship, hydrostatic release correctly installed to enable automatic release if ship sinks, no other lashing, securing arrangements, hydrostatic release not expired. Liferafts shall permit manual release of one raft or container at a time from their securing arrangements",,,"All vessel types",markdown_emphasis_artifact,"Form D 062 Vessel Inspection Report (2).md:387",D-062|c5|9da8bde625e1
D-062,5,"Safety Management","Safety Management","Life Rafts","40. LAUNCHING INSTRUCTIONS POSTED",,,,"All vessel types",markdown_emphasis_artifact,"Form D 062 Vessel Inspection Report (2).md:388",D-062|c5|a2908f4fedb4
D-062,5,"Safety Management","Safety Management","Other Lifesaving & Safety Equipment","41. LIFEBUOYS","At least 2 with buoyant lines, at least 2 with smoke (at bridge wings capable of rapidly cast loose). 50% with self-igniting light, at least 1 at the stern. Total number 8 – 14 depending on length of ship. Check condition of marking & retro-reflective tape, condition of quick release devices on bridge wings, expiry date of smoke signals and lighting of self-igniting lights/watertight",,,"All vessel types",markdown_emphasis_artifact,"Form D 062 Vessel Inspection Report (2).md:390",D-062|c5|64a8b3dac30f
D-062,5,"Safety Management","Safety Management","Other Lifesaving & Safety Equipment","42. LIFEJACKETS (Name printed, donning instructions posted, whistle, lights (check battery expiry date), adequate for all crew, additional for persons on watch (on bridge, ECR & at any other manned watch station) and at remotely located survival craft stations). ADDITIONAL NUMBER (MINIMUM 2 PIECES) FOR HEAVY PERSONS THROWING APPARATUS.",,,,"All vessel types",parenthetical_not_trailing;markdown_emphasis_artifact,"Form D 062 Vessel Inspection Report (2).md:391",D-062|c5|dfca78becb61
D-062,5,"Safety Management","Safety Management","Other Lifesaving & Safety Equipment","43. IMMERSION SUITS","At least equal to the number of persons onboard. Three for each open life boat. Check condition of suits, lights and storage position",,,"All vessel types",markdown_emphasis_artifact,"Form D 062 Vessel Inspection Report (2).md:392",D-062|c5|da12527aab34
D-062,5,"Safety Management","Safety Management","Other Lifesaving & Safety Equipment","44. THERMAL PROTECTIVE AIDS (For all persons only in open life boats).",,,,"All vessel types",markdown_emphasis_artifact,"Form D 062 Vessel Inspection Report (2).md:393",D-062|c5|90edaa2c15db
D-062,5,"Safety Management","Safety Management","Other Lifesaving & Safety Equipment","45. PYROTECHNICS (SMOKE SIGNALS, PARACHUTE & HAND FLARES) (Check expiry dates, 12 parachute flares, 4 smoke signals).",,,,"All vessel types",markdown_emphasis_artifact,"Form D 062 Vessel Inspection Report (2).md:394",D-062|c5|b342d3c4d293
D-062,5,"Safety Management","Safety Management","Other Lifesaving & Safety Equipment","46. LINE THROWING APPARATUS (4 projectiles with line, check expiry date).",,,,"All vessel types",markdown_emphasis_artifact,"Form D 062 Vessel Inspection Report (2).md:395",D-062|c5|ddd0b693d9ad
D-062,5,"Safety Management","Safety Management","Other Lifesaving & Safety Equipment","47. SARTS","One on each side of bridge, check battery expiry date and test with ship’s radar if possible",,,"All vessel types",markdown_emphasis_artifact,"Form D 062 Vessel Inspection Report (2).md:396",D-062|c5|9bd6db0cb6f1
D-062,5,"Safety Management","Safety Management","Other Lifesaving & Safety Equipment","48. EEBDs","At least 2 on bridge, 1 in P/R lower platform, 1 in ECR and at accessible locations in E/R. Check last inspection date, fully charged, instructions printed on bag. One available for demonstration",,,"All vessel types",markdown_emphasis_artifact,"Form D 062 Vessel Inspection Report (2).md:397",D-062|c5|f675c3903f05
D-062,5,"Safety Management","Safety Management","Other Lifesaving & Safety Equipment","49. PPE (Adequate supply of all required types of PPE for all crew).",,,,"All vessel types",markdown_emphasis_artifact,"Form D 062 Vessel Inspection Report (2).md:398",D-062|c5|fd3bc9233a36
D-062,5,"Safety Management","Safety Management","Other Lifesaving & Safety Equipment","50. PORTABLE OXYGEN & TOXIC GAS DETECTORS","Calibration, instructions, span gas, calibration certificates. Adequate test tubes for applicable gases, H2S, CO, CO2, etc. Vessels to carry explosimeters, oxygen analysers & toxic gas detectors or analysers suitable for the products carried. Toxic gas detectors for H2S to be certified for use in air or in inerted atmosphere. Relevant SPAN gases to be available for the calibration of the equipment and officers to be well familiar with its operation and calibration procedures",,,"All vessel types",markdown_emphasis_artifact,"Form D 062 Vessel Inspection Report (2).md:399",D-062|c5|96ad26b421ae
D-062,5,"Safety Management","Safety Management","Other Lifesaving & Safety Equipment","51. CHECK THE PROTECTIVE EQUIPMENT REQUIRED BY THE IBC OR BCH CODES","PPE consisting of large aprons, special gloves with long sleeves, suitable footwear, coveralls of chemical-resistant material & tight-fitting goggles or face shields or both. The PPE shall cover all skin so that no part of body is unprotected. Work clothes & PPE kept in easily accessible places & in special lockers - not within accommodation spaces, with the exception of new, unused equipment & equipment not used since undergoing a thorough cleaning process. The Administration may, however, approve storage rooms in accommodation spaces if adequately segregated from living spaces.",,,"All vessel types",markdown_emphasis_artifact,"Form D 062 Vessel Inspection Report (2).md:400",D-062|c5|a27072020ddd
D-062,5,"Safety Management","Safety Management","Other Lifesaving & Safety Equipment","52. SAFETY EQUIPMENT CORRECTLY LOCATED & EXAMINED BY AN EXPERT AGENCY ANNUALLY.","An ‘expert’ may be a member of the crew provided they have attended relevant courses and have documentation available to prove it. Ships shall have>3 complete sets of safety equipment, each permitting personnel to enter a gas-filled compartment & work there for > 20 minutes. One complete set consists of 1 SCBA (not using stored oxygen), protective clothing, boots, gloves & tight-fitting goggles, fireproof line with belt resistant to cargoes carried & explosion-proof lamp. All ships carry either 1 set of fully charged spare air bottles for each BA, a special air compressor for supply of high-pressure air of the required purity & a charging manifold capable of dealing with sufficient spare air bottles for the BA or fully charged spare air bottles with a total free air capacity>6,000 l for each BA on board in excess of SOLAS requirements. For vessels carrying toxic cargoes, the safety equipment should provide full protection. The suits capable of providing adequate protection against the product & fitted with integral gloves & boots. Such suits are not required if vessel not carry toxic cargoes. At least 1 set of safety equipment kept in marked locker in a readily accessible place near cargo pump room. The other sets also kept in suitable, marked, easily accessible places.",,,"All vessel types",markdown_emphasis_artifact;escaped_comparison_operator,"Form D 062 Vessel Inspection Report (2).md:401",D-062|c5|36cb3a7c94a8
D-062,5,"Safety Management","Safety Management","Other Lifesaving & Safety Equipment","53. USE OF FILTER-TYPE RESPIRATORS / CANISTER MASKS PROHIBITED AND ARE THERE ADEQUATE CONTROLS FOR ENFORCING THIS PROHIBITION.","Use of filter type respirators, canister masks etc is absolutely prohibited as per clear Company’s Policy. Where filter-type respirators exist onboard, these are not to be considered as part of the safety equipment required by the Codes. Their use is strictly forbidden, their access decontrolled and they should be kept locked under the personal custody of the Master Only BA is approved as respiratory protection means.",,,"All vessel types",markdown_emphasis_artifact,"Form D 062 Vessel Inspection Report (2).md:411",D-062|c5|9ead01e397bf
D-062,5,"Safety Management","Safety Management","Other Lifesaving & Safety Equipment","54. LIFE SAVING SIGNALS TABLE (Posted on the bridge).",,,,"All vessel types",markdown_emphasis_artifact,"Form D 062 Vessel Inspection Report (2).md:412",D-062|c5|7da0002abe5a
D-062,5,"Safety Management","Safety Management","Other Lifesaving & Safety Equipment","55. IMO SYMBOLS","Posted showing the position & type of each item, corresponding to fire plan positions",,,"All vessel types",markdown_emphasis_artifact,"Form D 062 Vessel Inspection Report (2).md:413",D-062|c5|b70612b4adab
D-062,5,"Safety Management","Safety Management","Safe Access","56. GANGWAYS & FITTINGS","Lit and rigged, life buoy with life line near the gangway/accommodation ladder, safety net overside accommodation, ladder’s face AFT when rigged, warning displayed at shore end “No visitors or Visitors required to show ID, unauthorized persons not allowed”",,,"All vessel types",markdown_emphasis_artifact,"Form D 062 Vessel Inspection Report (2).md:415",D-062|c5|7632b2cf7a13
D-062,5,"Safety Management","Safety Management","Safe Access","57. To confirm IMO signs posted as appropriate on all safety items & lockers.",,,,"All vessel types",markdown_emphasis_artifact,"Form D 062 Vessel Inspection Report (2).md:416",D-062|c5|35201daa732d
D-062,5,"Safety Management","Safety Management","Safe Access","58. Fire Extinguishers to be confirmed with inspection labels and in good order.",,,,"All vessel types",markdown_emphasis_artifact,"Form D 062 Vessel Inspection Report (2).md:417",D-062|c5|4161970c01c5
D-062,5,"Safety Management","Safety Management","Safe Access","59. Portable Gas and Oxygen Analysers to be verified with valid calibration Certificates/records and in good order.",,,,"All vessel types",markdown_emphasis_artifact,"Form D 062 Vessel Inspection Report (2).md:418",D-062|c5|169f772ae930
D-062,5,"Safety Management","Safety Management","FIRE FIGHTING EQUIPMENT Fixed Firefighting & Detection / Fire Alarm","60. FIRE DETECTION AND ALARM SYSTEM","Main control panel and alarm bells, sample testing of detectors, check detector test records, spray for smoke detector testing",,,"All vessel types",markdown_emphasis_artifact,"Form D 062 Vessel Inspection Report (2).md:420",D-062|c5|23a5f66b2f85
D-062,5,"Safety Management","Safety Management","FIRE FIGHTING EQUIPMENT Fixed Firefighting & Detection / Fire Alarm","61. CO2 FIRE EXTINGUISHING SYSTEM Spaces protected: …….. / Date of last CO2 alarm test …………","Check last inspection & self-adhesive labels replaced, hydraulic test certificates of CO2 bottles, check for leaking noises, actuation system with valves marked and instructions posted. Check last inspection of piping records (by air), check nozzles. Carry out air test to check for blocked pipes and leakages, if possible",date,"61. CO2 FIRE EXTINGUISHING SYSTEM Spaces protected","All vessel types",markdown_emphasis_artifact,"Form D 062 Vessel Inspection Report (2).md:421",D-062|c5|0d9c7f9c8df7
D-062,5,"Safety Management","Safety Management","FIRE FIGHTING EQUIPMENT Fixed Firefighting & Detection / Fire Alarm","62. FOAM FIRE EXTINGUISHING SYSTEM Spaces / Areas protected: ……..","Foam analysis cert. valid, foam compatible with cargoes, actuation system valves, pump, foam generator etc. in order, marked & instructions posted, deck monitors condition, foam portable applicators condition, availability of foam containers",text,"62. FOAM FIRE EXTINGUISHING SYSTEM Spaces / Areas protected","All vessel types",markdown_emphasis_artifact,"Form D 062 Vessel Inspection Report (2).md:422",D-062|c5|7bf8fea48076
D-062,5,"Safety Management","Safety Management","FIRE FIGHTING EQUIPMENT Fixed Firefighting & Detection / Fire Alarm","63. FOAM TANK AND PORTABLE CONTAINERS (Are they closed air tight?)",,,,"All vessel types",markdown_emphasis_artifact,"Form D 062 Vessel Inspection Report (2).md:423",D-062|c5|24c47c045eb8
D-062,5,"Safety Management","Safety Management","FIRE FIGHTING EQUIPMENT Fixed Firefighting & Detection / Fire Alarm","64. HYPER MIST",,,,"All vessel types",markdown_emphasis_artifact,"Form D 062 Vessel Inspection Report (2).md:424",D-062|c5|4e2f0e959909
D-062,5,"Safety Management","Safety Management","FIRE FIGHTING EQUIPMENT Fixed Firefighting & Detection / Fire Alarm","65. DRY CHEMICAL POWDER FIRE EXTINGUISHING SYSTEM Spaces / Areas protected: ……………","Check nitrogen propellant bottles pressure (if possible), last inspection by shore company of powder and bottles, condition of actuating equipment (marked) & instructions posted. Check hoses & nozzles at powder stations. Condition of permanent piping and nozzles",text,"AL POWDER FIRE EXTINGUISHING SYSTEM Spaces / Areas protected","All vessel types",markdown_emphasis_artifact,"Form D 062 Vessel Inspection Report (2).md:425",D-062|c5|88bbbc94443c
D-062,5,"Safety Management","Safety Management","FIRE FIGHTING EQUIPMENT Fixed Firefighting & Detection / Fire Alarm","66. WATER DRENCHER SYSTEM (PAINT ROOM)","Condition of pipes and water nozzles, actuating valve outside the space and marked",,,"All vessel types",markdown_emphasis_artifact,"Form D 062 Vessel Inspection Report (2).md:426",D-062|c5|9e48c6be025f
D-062,5,"Safety Management","Safety Management","FIRE FIGHTING EQUIPMENT Fixed Firefighting & Detection / Fire Alarm","67. MONITORING NON-CARGO SPACES (Void & ballast tank spaces within the cargo tank block should be routinely monitored to check that no leakage has occurred from adjacent cargo tanks. Monitoring should include regular checks for hydrocarbon content and regular sounding/ullaging of the empty spaces, particularly to ensure that ballast, before it is discharged, is clean). Lifesaving Equipment to be confirmed in good condition","Lifeboats & Davits, Life rafts & hydrostatic releases, Lifebuoys, Lifejackets & Immersion suits, Pyrotechnics, etc.",,,"All vessel types",markdown_emphasis_artifact,"Form D 062 Vessel Inspection Report (2).md:427",D-062|c5|61f297b8645c
D-062,5,"Safety Management","Safety Management","Fixed Water Firefighting System","68. MAIN FIRE PUMPS","Means/methods available for satisfactory suction independent of trim/draft. Fire mains, pumps hoses & nozzles in order & available for use. Operating condition, easy start & fire lines have sufficient pressure. The operating condition with min 2.8 bars delivery press to be checked. The condition of pump, prime mover to be checked",,,"All vessel types",markdown_emphasis_artifact,"Form D 062 Vessel Inspection Report (2).md:429",D-062|c5|d06a0b99b3ee
D-062,5,"Safety Management","Safety Management","Fixed Water Firefighting System","69. MAIN AND EMERGENCY FIRE PUMPS REMOTE STARTING",,,,"All vessel types",markdown_emphasis_artifact,"Form D 062 Vessel Inspection Report (2).md:430",D-062|c5|6aa00b7e0184
D-062,5,"Safety Management","Safety Management","Fixed Water Firefighting System","70. FIRE PIPING IN E/R, ACCOMODATION AND ON FIRE MAIN ON DECK Date of last pressure test: ……………..","Check flanges, painting (red), UT report, test pressure and date marked. Piping free of corrosion, pitting, soft patches or other temporary repairs. Check pressure (min 2.08 bar) with 2 hoses connected and 1 pump running",date,"MODATION AND ON FIRE MAIN ON DECK Date of last pressure test","All vessel types",markdown_emphasis_artifact,"Form D 062 Vessel Inspection Report (2).md:443",D-062|c5|a1bce7f3561a
D-062,5,"Safety Management","Safety Management","Fixed Water Firefighting System","71. ISOLATION VALVES IN E/R, ACCOMODATION & ON DECK","No leakages, easily operable, marked as per operation diagram, diagram posted",,,"All vessel types",markdown_emphasis_artifact,"Form D 062 Vessel Inspection Report (2).md:444",D-062|c5|b07741e8108f
D-062,5,"Safety Management","Safety Management","Fixed Water Firefighting System","72. FIRE HYDRANTS (Condition, caps, no leakages, greased, easily operable).",,,,"All vessel types",markdown_emphasis_artifact,"Form D 062 Vessel Inspection Report (2).md:445",D-062|c5|92266ea3d123
D-062,5,"Safety Management","Safety Management","Fixed Water Firefighting System","73. FIRE BOXES, HOSES, NOZZELS","Fire boxes & doors secured, hoses with no leakage, couplings secured by brass wire (clamps not acceptable), all couplings identical to enable connection of hoses in series, nozzles spray & jet mode easily operable",,,"All vessel types",markdown_emphasis_artifact,"Form D 062 Vessel Inspection Report (2).md:446",D-062|c5|b371c706b51e
D-062,5,"Safety Management","Safety Management","Fixed Water Firefighting System","74. INTERNATIONAL SHORE CONNECTION","Available externally, location marked. Connection shall be of steel or other suitable material and kept together with a gasket, with four 16 mm bolts, 50mm in length & 8 washers",,,"All vessel types",markdown_emphasis_artifact,"Form D 062 Vessel Inspection Report (2).md:447",D-062|c5|992fad2eb3ab
D-062,5,"Safety Management","Safety Management","Portable and Wheeled Fire Extinguishers","75. INFORMATION / INSTRUCTIONS MARKED","Manufacturer, types of fire, type and quantity of extinguishing medium (e.g. CO2 12kg), year of manufacture, hydro Test pressure, instructions of use and recharge, self-adhesive label with last inspection and valid test date and inspection company name, approval details. Temperature range over which the extinguisher will operate satisfactorily",,,"All vessel types",markdown_emphasis_artifact,"Form D 062 Vessel Inspection Report (2).md:449",D-062|c5|aed08e706353
D-062,5,"Safety Management","Safety Management","Portable and Wheeled Fire Extinguishers","76. DISTRIBUTION OF EXTINGUISHERS IN ACCOMMODATION","At least one DP or foam in each accommodation tier & bridge. At least one CO2 in galley, at least one DP or CO2 in the Em’cy. Diesel generator space",,,"All vessel types",markdown_emphasis_artifact,"Form D 062 Vessel Inspection Report (2).md:450",D-062|c5|761c42eb73b4
D-062,5,"Safety Management","Safety Management","Portable and Wheeled Fire Extinguishers","77. DISTRIBUTION OF EXTINGUISHERS IN E/R","CO2 or DP extinguishers near electrical switchboards & machinery, foam type near machinery operating with fuel",,,"All vessel types",markdown_emphasis_artifact,"Form D 062 Vessel Inspection Report (2).md:451",D-062|c5|7c9798f5f6ec
D-062,5,"Safety Management","Safety Management","Portable and Wheeled Fire Extinguishers","78. WHEELED FIRE EXTINGUISHERS IN E/R (135 ltrs near boiler, 45 ltrs near diesel generators).",,,,"All vessel types",markdown_emphasis_artifact,"Form D 062 Vessel Inspection Report (2).md:452",D-062|c5|b0264f91bc0d
D-062,5,"Safety Management","Safety Management","Portable and Wheeled Fire Extinguishers","79. CO2 BOTTLES INSPECTION & LAST HYDRAULIC TEST CERTs",,,,"All vessel types",markdown_emphasis_artifact,"Form D 062 Vessel Inspection Report (2).md:453",D-062|c5|7ab56ede772a
D-062,5,"Safety Management","Safety Management","Portable and Wheeled Fire Extinguishers","80. OTHER FIREFIGHTING EQUIPMENT","Sand box near boilers. Foam applicator(s) near boiler and / or diesel generators, main engine",,,"All vessel types",markdown_emphasis_artifact,"Form D 062 Vessel Inspection Report (2).md:454",D-062|c5|cf5a0063f427
D-062,5,"Safety Management","Safety Management","Portable and Wheeled Fire Extinguishers","81. PORTABLE FIRE EXTINGUISHER CERTIFICATES","Hydraulic test and maintenance certificates available, valid, corresponding to extinguisher self-adhesive labels",,,"All vessel types",markdown_emphasis_artifact,"Form D 062 Vessel Inspection Report (2).md:455",D-062|c5|fa3f0d81c9da
D-062,5,"Safety Management","Safety Management","Portable and Wheeled Fire Extinguishers","82. SPARE FIRE EXTINGUISHERS AND CHARGES","For vessels constructed after 01/07/02 spare charges provided for 100% of the first 10 extinguishers and 50% of the remaining extinguishers capable of recharged on board. Not more than 60 total spare charges are required. Instructions for recharging available. For fire extinguishers, which cannot be recharged on board, additional portable fire extinguishers of same quantity, type, capacity and number shall be provided in lieu of spare charges. For vessels constructed before 1/7/02, spare charges provided as per Flag Administration requirements",,,"All vessel types",markdown_emphasis_artifact,"Form D 062 Vessel Inspection Report (2).md:456",D-062|c5|462bc273c74d
D-062,5,"Safety Management","Safety Management","Fireman’s Outfit","83. NUMBER AND DISTRIBUTION","At least 4 sets, distributed fwd and aft, ideally to be accessible in pairs",,,"All vessel types",markdown_emphasis_artifact,"Form D 062 Vessel Inspection Report (2).md:458",D-062|c5|4b3a4a84c894
D-062,5,"Safety Management","Safety Management","Fireman’s Outfit","84. FIREMAN SUIT","Outer surface must be water resistant. Boots of electrically non- conducting material, rigid helmet protecting against impact & fire resistant. All items in good condition, ready for use. 2 sets required",,,"All vessel types",markdown_emphasis_artifact,"Form D 062 Vessel Inspection Report (2).md:459",D-062|c5|5b16e3b12776
D-062,5,"Safety Management","Safety Management","Fireman’s Outfit","85. BA SET","Mask, regulating valve, pressure gauge with low pressure alarm, backpack support for air bottle. Air bottle full & low-pressure alarm operable. Check pressure regulating valve. Test Certificate valid=5 years. Ready for use",,,"All vessel types",markdown_emphasis_artifact,"Form D 062 Vessel Inspection Report (2).md:460",D-062|c5|88b0a72917ae
D-062,5,"Safety Management","Safety Management","Fireman’s Outfit","86. SPARE AIR BOTTLES","One per BA set if BA compressor is available onboard. If not two pieces. Bottles to be charged to no less than 90% full",,,"All vessel types",markdown_emphasis_artifact,"Form D 062 Vessel Inspection Report (2).md:461",D-062|c5|5e98d066e508
D-062,5,"Safety Management","Safety Management","Fireman’s Outfit","87. BA COMPRESSOR","In order, maintained as per manufacturer’s instructions. Compressed air to be oil free. Operating instructions to be available in situ",,,"All vessel types",markdown_emphasis_artifact,"Form D 062 Vessel Inspection Report (2).md:462",D-062|c5|398634d0f0c1
D-062,5,"Safety Management","Safety Management","Fireman’s Outfit","88. ANCILLARY EQUIPMENT (Axe, Ex. Proof flashlight of at least 3 hours duration, lifeline 30m and in good condition, flashlight batteries good, frequently tested and replaced. Outfits ready for use in marked location & stored in widely",,,,"All vessel types",unbalanced_parenthesis;markdown_emphasis_artifact,"Form D 062 Vessel Inspection Report (2).md:463",D-062|c5|c25edb635f33
D-062,5,"Safety Management","Safety Management","Fire Suppression Arrangements","89. FIRE FLAPS & DAMPERS ON BRIDGE & AROUND ACCOMMODATION","Condition, marked to indicate the spaces they serve, marks on fire plan",,,"All vessel types",markdown_emphasis_artifact,"Form D 062 Vessel Inspection Report (2).md:474",D-062|c5|64ad4273ce09
D-062,5,"Safety Management","Safety Management","Fire Suppression Arrangements","90. FIRE DOORS","Gas tight, self-closing system/no holdback hooks, hold back arrangements / remote release devices of fail-safe type",,,"All vessel types",markdown_emphasis_artifact,"Form D 062 Vessel Inspection Report (2).md:475",D-062|c5|968e8aa7a214
D-062,5,"Safety Management","Safety Management","Fire Suppression Arrangements","91. E/R FANS EMERGENCY SHUT DOWN (Check test record. Perform test if possible).",,,,"All vessel types",markdown_emphasis_artifact,"Form D 062 Vessel Inspection Report (2).md:476",D-062|c5|8a43a495135f
D-062,5,"Safety Management","Safety Management","Fire Suppression Arrangements","92. ACCOMODATION & VENT. FAN EM. STOPS (In order, marked to indicate the spaces they serve).",,,,"All vessel types",markdown_emphasis_artifact,"Form D 062 Vessel Inspection Report (2).md:477",D-062|c5|81031ba9001d
D-062,5,"Safety Management","Safety Management","Fire Suppression Arrangements","93. E/R SKYLIGHT REMOTE CLOSING DEVICE",,,,"All vessel types",markdown_emphasis_artifact,"Form D 062 Vessel Inspection Report (2).md:478",D-062|c5|1fbe3c85d4c3
D-062,5,"Safety Management","Safety Management","Fire Suppression Arrangements","94. FUNNEL FIRE DAMPERS",,,,"All vessel types",markdown_emphasis_artifact,"Form D 062 Vessel Inspection Report (2).md:479",D-062|c5|2e0ab9812942
D-062,5,"Safety Management","Safety Management","Fire Suppression Arrangements","95. QUICK CLOSING VALVES (Check operation, random valves).",,,,"All vessel types",markdown_emphasis_artifact,"Form D 062 Vessel Inspection Report (2).md:480",D-062|c5|13dbaa424ba9
D-062,5,"Safety Management","Safety Management","Fire Suppression Arrangements","96. REMOTE MEANS OF CLOSING FUEL & OIL VALVES (Marked, tested, records of tests).",,,,"All vessel types",markdown_emphasis_artifact,"Form D 062 Vessel Inspection Report (2).md:481",D-062|c5|f7a36c401f9b
D-062,5,"Safety Management","Safety Management","Fire Suppression Arrangements","97. FIXED SYSTEM TO MONITOR FLAMMABLE ATMOSPHERES IN NON-CARGO SPACES","Recorders and alarms in order. If manual checks are made, the records should be reviewed",,,"All vessel types",markdown_emphasis_artifact,"Form D 062 Vessel Inspection Report (2).md:482",D-062|c5|0d8ae72e1173
D-062,5,"Safety Management","Safety Management","Fire Suppression Arrangements","98. VENTILATOR/DAMPERS/FIRE FLAPS","Free to operate, marked/identification, vent trucks, cowls, covers, rubber gaskets, etc. Vent & Fire dampers: open/closed position indicated, rempte stop, space served indicated. Vents equipped with fire dampers with auto & manual operation, main inlets & outlets close from outside space served",,,"All vessel types",markdown_emphasis_artifact,"Form D 062 Vessel Inspection Report (2).md:483",D-062|c5|258ecd365295
D-062,5,"Safety Management","Safety Management","Material Safety Data Sheet","99. PAINT STORE","Check paints’ inventory list and actual R.O.B. quantities. Paint cans to be closed and securely stowed, fire protection equipment in order",,,"All vessel types",markdown_emphasis_artifact,"Form D 062 Vessel Inspection Report (2).md:485",D-062|c5|59b4bb0bb545
D-062,5,"Safety Management","Safety Management","Material Safety Data Sheet","100. CHEMICAL STORE ROOM","All hazardous substances to be marked, segregated, secured, MSDS posted, goggles and gloves available",,,"All vessel types",markdown_emphasis_artifact,"Form D 062 Vessel Inspection Report (2).md:486",D-062|c5|b50a54afe56b
D-062,5,"Safety Management","Safety Management","Material Safety Data Sheet","101. SAMPLES’ (CARGO & BUNKER) LOCKER (PROPER SEGREGATION, INVENTORIES UPDATED, PPEs…)",,,,"All vessel types",markdown_emphasis_artifact,"Form D 062 Vessel Inspection Report (2).md:487",D-062|c5|d3bcc43d7f36
D-062,6,"Pollution Prevention & Environmental Protection","Pollution Prevention & Environmental Protection","Oil Record Book Part I & II, SOPEP, VRP","1. Company Procedures on Pollution Prevention to be noted/confirmed onboard as far as practicable.",,,,"All vessel types",,"Form D 062 Vessel Inspection Report (2).md:499",D-062|c6|27392879b564
D-062,6,"Pollution Prevention & Environmental Protection","Pollution Prevention & Environmental Protection","Oil Record Book Part I & II, SOPEP, VRP","2. ORB PART I: COMPLETED WITH CORRECT CODES FOR EACH OPERATION. THE SLUDGE & BILGE TANKS MENTIONED CORRESPOND EXACTLY TO TANKS NOTED IN IOPP SUPPLEMENT (FORM B)","A good practice is to attach copies of relevant form B pages to the beginning of the ORB for easy reference",,,"All vessel types",,"Form D 062 Vessel Inspection Report (2).md:500",D-062|c6|7641cfcb8f2c
D-062,6,"Pollution Prevention & Environmental Protection","Pollution Prevention & Environmental Protection","Oil Record Book Part I & II, SOPEP, VRP","3. DISPOSAL OF BILGE/SLUDGE AND SLOPS THROUGH OWS/ODME OR TO APPROVED SHORE FACILITIES IS CORRECTLY RECORDED","Positions, times, quantities, etc. In case of shore disposal receipts are kept",,,"All vessel types",,"Form D 062 Vessel Inspection Report (2).md:501",D-062|c6|222d5b22d559
D-062,6,"Pollution Prevention & Environmental Protection","Pollution Prevention & Environmental Protection","Oil Record Book Part I & II, SOPEP, VRP","4. CONDITION OF SCUPPER PLUGS (Scuppers effectively plugged).",,,,"All vessel types",,"Form D 062 Vessel Inspection Report (2).md:502",D-062|c6|540c99921a98
D-062,6,"Pollution Prevention & Environmental Protection","Pollution Prevention & Environmental Protection","Oil Record Book Part I & II, SOPEP, VRP","5. DISPOSAL OF E/R BILGE WATER TO SLOP TANKS","Operation through approved piping arrangements and documented in ORB Parts I & II. Receiving tank free of cargo",,,"All vessel types",,"Form D 062 Vessel Inspection Report (2).md:503",D-062|c6|6a8f7bbc0897
D-062,6,"Pollution Prevention & Environmental Protection","Pollution Prevention & Environmental Protection","Oil Record Book Part I & II, SOPEP, VRP","6. MARPOL SHORE CONNECTION","Installed P&S with presentation flange according to MARPOL An. I, blanked & spill tray with drain & plug, plugged in port, markings painted",,,"All vessel types",,"Form D 062 Vessel Inspection Report (2).md:504",D-062|c6|898e17d187fc
D-062,6,"Pollution Prevention & Environmental Protection","Pollution Prevention & Environmental Protection","Oil Record Book Part I & II, SOPEP, VRP","7. SEWAGE SHORE CONNECTION (Installed according to Flag requirements).",,,,"All vessel types",,"Form D 062 Vessel Inspection Report (2).md:505",D-062|c6|a6c567fec278
D-062,6,"Pollution Prevention & Environmental Protection","Pollution Prevention & Environmental Protection","Oil Record Book Part I & II, SOPEP, VRP","8. E/R BILGE OILY WATER PUMPING & DISPOSAL ARRANGEMENTS","A direct connection overboard from a bilge pump used for regular disposal of accumulations of bilge water or for any other oil service must be recorded. Any system used to transfer bilge or oily water mixtures for retention on board or discharge to deck, to be provided with positive means to ensure that oil or oily mixtures are not discharged into sea. Ensure that a direct overboard discharge is not used for disposal of daily machinery bilges. The ship's side valve and associated overboard pipework should be checked for oil contamination",,,"All vessel types",,"Form D 062 Vessel Inspection Report (2).md:506",D-062|c6|a4b0e26aba8c
D-062,6,"Pollution Prevention & Environmental Protection","Pollution Prevention & Environmental Protection","Oil Record Book Part I & II, SOPEP, VRP","9. Any violations or pollution incidents noticed onboard.",,,,"All vessel types",,"Form D 062 Vessel Inspection Report (2).md:507",D-062|c6|a2113255e3f2
D-062,6,"Pollution Prevention & Environmental Protection","Pollution Prevention & Environmental Protection","Deck Spill Prevention Arrangements","10. SPILL TRAYS","Installed at bunker manifolds, at bunker tank vent heads and at MARPOL shore connection. Plugged when in port. Portable arrangements and procedures to keep empty implemented",,,"All vessel types",,"Form D 062 Vessel Inspection Report (2).md:509",D-062|c6|deb6243afe93
D-062,6,"Pollution Prevention & Environmental Protection","Pollution Prevention & Environmental Protection","Deck Spill Prevention Arrangements","11. DECK SPILL COAMINGS AROUND HYDRAULIC DECK MACHINERY","Coaming height is sufficient, coaming corrosion, drain and plug fitted, suitable means for leakage collection and disposal to bilge tanks",,,"All vessel types",,"Form D 062 Vessel Inspection Report (2).md:510",D-062|c6|2ee66c9d76e7
D-062,6,"Pollution Prevention & Environmental Protection","Pollution Prevention & Environmental Protection","Deck Spill Prevention Arrangements","12. SCUPPER PLUGS AND AIR PUMPS","Brass and rubber construction, fitted during port stay. Air pumps arranged for transfer of water accumulation into slop tanks. Adequately earthed",,,"All vessel types",,"Form D 062 Vessel Inspection Report (2).md:511",D-062|c6|603d74dce7cf
D-062,6,"Pollution Prevention & Environmental Protection","Pollution Prevention & Environmental Protection","Deck Spill Prevention Arrangements","13. Dump/Surface valves on the Port & Stbd aft……….",,text,,"All vessel types",dotted_blank_without_label,"Form D 062 Vessel Inspection Report (2).md:512",D-062|c6|a13faac5b9be
D-062,6,"Pollution Prevention & Environmental Protection","Pollution Prevention & Environmental Protection","Deck Spill Prevention Arrangements","14. MAIN DECK BOUNDARY COAMING","Height sufficient in way of cargo area aft boundary to prevent oily water spilling to sea. Compare volume retained with oily water source capacity and capacity of air pumps",,,"All vessel types",,"Form D 062 Vessel Inspection Report (2).md:513",D-062|c6|23eec7cf91a9
D-062,6,"Pollution Prevention & Environmental Protection","Pollution Prevention & Environmental Protection","Deck Spill Prevention Arrangements","15. OIL SPILL KIT (Readily accessible, crew familiar of procedures and duties).",,,,"All vessel types",,"Form D 062 Vessel Inspection Report (2).md:514",D-062|c6|162ebb50aa98
D-062,6,"Pollution Prevention & Environmental Protection","Pollution Prevention & Environmental Protection","Deck Spill Prevention Arrangements","16. ARRANGEMENTS FOR DISPOSAL OF (OILY) WATER IN F’CLE AND OTHER INTERNAL SPACES","Where possibility of hydraulic, fuel or other oil accumulating in internal space bilge wells, check arrangements for disposal. Where hand pumps or ejectors are fitted, pollution prevention notices posted and the overboard valves secured against accidental opening",,,"All vessel types",,"Form D 062 Vessel Inspection Report (2).md:515",D-062|c6|dfa04c4c3008
D-062,6,"Pollution Prevention & Environmental Protection","Pollution Prevention & Environmental Protection","Cargo Piping & Sea Suction Piping Arrangements","17. SUCTION VALVES LOCKED / BLANKED PRIOR CARGO OPERATIONS AND WARNING SIGNS POSTED",,,,"All vessel types",,"Form D 062 Vessel Inspection Report (2).md:517",D-062|c6|b1ca33ec71c7
D-062,6,"Pollution Prevention & Environmental Protection","Pollution Prevention & Environmental Protection","Cargo Piping & Sea Suction Piping Arrangements","18. SUCTION VALVES INSTALLATION ARRANGEMENT","Double valve segregation between sea chest and cargo piping, or blank or removable spool piece fitted",,,"All vessel types",,"Form D 062 Vessel Inspection Report (2).md:518",D-062|c6|8075ebdd83c9
D-062,6,"Pollution Prevention & Environmental Protection","Pollution Prevention & Environmental Protection","Cargo Piping & Sea Suction Piping Arrangements","19. SUCTION VALVES TIGHTNESS MONITORING & TESTING ARRANGEMENTS","A pressure / vacuum gauge & air quick coupling between outboard & inboard valves for testing. Devices fitted so that readings can be taken high enough from P/R lower platform, to avoid exposure to P/R vapours. Test pressure<3.5 bar. A device should be installed to monitor pressure build-up and determine liquid make-up in the section of pipeline which lies between inboard and outboard sea valves. Such a device would both provide an early indication of leakage through either valve during cargo operations and enable the leaking valve to be identified. During cargo operations pressure build-up in this line would be apparent from the gauge reading and would indicate that one of the valves was leaking. The use of a pressure/vacuum gauge, rather than a pressure-only gauge, is preferable in that it will provide a reliable indication of a vacuum in the line prior to opening the sea valve for ballasting",,,"All vessel types",escaped_comparison_operator,"Form D 062 Vessel Inspection Report (2).md:529",D-062|c6|299119df1b89
D-062,6,"Pollution Prevention & Environmental Protection","Pollution Prevention & Environmental Protection","Water Ballast Management","20. WATER BALLAST MANAGEMENT PLAN","Approved, ship specific with sequence examples including rates, SF & BM values, etc. Reporting forms for countries visited available. C/O familiar with legal/operational requirements",,,"All vessel types",,"Form D 062 Vessel Inspection Report (2).md:531",D-062|c6|4ec4bf94e42a
D-062,6,"Pollution Prevention & Environmental Protection","Pollution Prevention & Environmental Protection","Water Ballast Management","21. WATER BALLAST SAMPLING","Check ballast tanks openings through which ballast sampling can be effected from various tank levels",,,"All vessel types",,"Form D 062 Vessel Inspection Report (2).md:532",D-062|c6|40ca118e0a04
D-062,6,"Pollution Prevention & Environmental Protection","Pollution Prevention & Environmental Protection","Water Ballast Management","22. BALLAST TANKS SURFACE FREE OF OIL",,,,"All vessel types",,"Form D 062 Vessel Inspection Report (2).md:533",D-062|c6|7446ffba2ed1
D-062,6,"Pollution Prevention & Environmental Protection","Pollution Prevention & Environmental Protection","Garbage Management","23. Garbage management plan, garbage record book and entries to be properly completed and kept.",,,,"All vessel types",,"Form D 062 Vessel Inspection Report (2).md:535",D-062|c6|d67d5d1a13c6
D-062,6,"Pollution Prevention & Environmental Protection","Pollution Prevention & Environmental Protection","Garbage Management","24. Garbage storage areas, garbage management equipment to be properly maintained, clean and operational (Comminutor, Compactor, Incinerator, GARBAGE BINS).",,,,"All vessel types",,"Form D 062 Vessel Inspection Report (2).md:536",D-062|c6|ae1a45c13978
D-062,6,"Pollution Prevention & Environmental Protection","Pollution Prevention & Environmental Protection","Pollution Prevention Equipment","25. ODME with printer to be confirmed operational.",,,,"All vessel types",,"Form D 062 Vessel Inspection Report (2).md:538",D-062|c6|9ba631bdf58c
D-062,6,"Pollution Prevention & Environmental Protection","Pollution Prevention & Environmental Protection","Pollution Prevention Equipment","26. Oily Water Separator to be tested during attendance.",,,,"All vessel types",,"Form D 062 Vessel Inspection Report (2).md:539",D-062|c6|bfe19cc69038
D-062,6,"Pollution Prevention & Environmental Protection","Pollution Prevention & Environmental Protection","Pollution Prevention Equipment","27. E/R Overboard Valves to be verified locked.",,,,"All vessel types",,"Form D 062 Vessel Inspection Report (2).md:540",D-062|c6|458c7b72cbec
D-062,6,"Pollution Prevention & Environmental Protection","Pollution Prevention & Environmental Protection","Pollution Prevention Equipment","28. Incinerator to be verified in good condition.",,,,"All vessel types",,"Form D 062 Vessel Inspection Report (2).md:541",D-062|c6|2d8c8a5666c4
D-062,6,"Pollution Prevention & Environmental Protection","Pollution Prevention & Environmental Protection","Pollution Prevention Equipment","29. BUNKER LINES, VALVES, ETC.","No leakages, flanges, bolts, expansion joints, pressure test value and date marked",,,"All vessel types",,"Form D 062 Vessel Inspection Report (2).md:542",D-062|c6|bd790830e373
D-062,6,"Pollution Prevention & Environmental Protection","Pollution Prevention & Environmental Protection","Pollution Prevention Equipment","30. BUNKER STATIONS","Check valves, blank flanges, pressure gauges, quick couplings and cocks",,,"All vessel types",,"Form D 062 Vessel Inspection Report (2).md:543",D-062|c6|9a044c6ef747
D-062,6,"Pollution Prevention & Environmental Protection","Pollution Prevention & Environmental Protection","Pollution Prevention Equipment","31. SPILL TRAYS","Presentation flanges do not extend beyond spill tray, adequate volume, drain and plug",,,"All vessel types",,"Form D 062 Vessel Inspection Report (2).md:544",D-062|c6|bc7d0f6e96dd
D-062,6,"Pollution Prevention & Environmental Protection","Pollution Prevention & Environmental Protection","Pollution Prevention Equipment","32. BUNKER SAMPLING VALVE, CUBITAINERS, SAMPLE BOTTLES (Available, C/E familiar with procedures).",,,,"All vessel types",,"Form D 062 Vessel Inspection Report (2).md:545",D-062|c6|60d47ccb3547
D-062,6,"Pollution Prevention & Environmental Protection","Pollution Prevention & Environmental Protection","Pollution Prevention Equipment","33. BUNKER SAMPLE STORE","Tidy, samples with labels and sealed, no high temperatures, no leakages, ventilation",,,"All vessel types",,"Form D 062 Vessel Inspection Report (2).md:546",D-062|c6|37d2408dba63
D-062,6,"Pollution Prevention & Environmental Protection","Pollution Prevention & Environmental Protection","Pollution Prevention Equipment","34. Bunkering Procedure & Piping Plan Available/Posted During Bunkering. PROPER IMPLEMENTATION OF FO BUNKERING PROCEDURES","Maintenance of records, bunkering plans, safety checklists, records of checks during bunkering operation, MSDS, manning standards, sampling, storage of low Sulphur FO and low Sulphur change-over operations",,,"All vessel types",,"Form D 062 Vessel Inspection Report (2).md:547",D-062|c6|8c05d4d46cc8
D-062,7,"Structural Condition","Structural Condition","Hull Structural Condition - General","1. ESP file free from any concerns related to vessel’;s structure.",,,,"All vessel types",,"Form D 062 Vessel Inspection Report (2).md:559",D-062|c7|f8c25d25dfa2
D-062,7,"Structural Condition","Structural Condition","Hull Structural Condition - General","2. Hull damages to be noted if any.",,,,"All vessel types",,"Form D 062 Vessel Inspection Report (2).md:560",D-062|c7|eaaefac15f3b
D-062,7,"Structural Condition","Structural Condition","Hull Structural Condition - General","3. Structural problems if any.",,,,"All vessel types",,"Form D 062 Vessel Inspection Report (2).md:561",D-062|c7|f0f184bc0962
D-062,7,"Structural Condition","Structural Condition","Hull Structural Condition - General","4. Distortion from heavy weather.",,,,"All vessel types",,"Form D 062 Vessel Inspection Report (2).md:562",D-062|c7|ed828fbac675
D-062,7,"Structural Condition","Structural Condition","Hull Structural Condition - General","5. Any significant damage occurred and/or been repaired.",,,,"All vessel types",,"Form D 062 Vessel Inspection Report (2).md:563",D-062|c7|d50d7ffe0065
D-062,7,"Structural Condition","Structural Condition","Hull Structural Condition - General","6. E/R Steel Construction",,,,"All vessel types",,"Form D 062 Vessel Inspection Report (2).md:564",D-062|c7|f0a51e099bc8
D-062,7,"Structural Condition","Structural Condition","Hull Structural Condition - General","7. Pump Room Steel Construction",,,,"All vessel types",,"Form D 062 Vessel Inspection Report (2).md:565",D-062|c7|4f02c7e5df5f
D-062,7,"Structural Condition","Structural Condition","Weather Decks","8. Inspection of weather decks",,,,"All vessel types",,"Form D 062 Vessel Inspection Report (2).md:567",D-062|c7|a3d611bcdf53
D-062,7,"Structural Condition","Structural Condition","Weather Decks","9. Checking for any evidence of wastage",,,,"All vessel types",,"Form D 062 Vessel Inspection Report (2).md:568",D-062|c7|8bb9ccb31acb
D-062,7,"Structural Condition","Structural Condition","Weather Decks","10. Structural problems",,,,"All vessel types",,"Form D 062 Vessel Inspection Report (2).md:569",D-062|c7|835992438f41
D-062,7,"Structural Condition","Structural Condition","Weather Decks","11. Evidence of over-pressurization,",,,,"All vessel types",,"Form D 062 Vessel Inspection Report (2).md:570",D-062|c7|2a7e5e8ca252
D-062,7,"Structural Condition","Structural Condition","Weather Decks","12. Collision contact",,,,"All vessel types",,"Form D 062 Vessel Inspection Report (2).md:571",D-062|c7|a21e1c5a1f40
D-062,7,"Structural Condition","Structural Condition","Weather Decks","13. Distortion from heavy weather",,,,"All vessel types",,"Form D 062 Vessel Inspection Report (2).md:572",D-062|c7|093b67840c4d
D-062,7,"Structural Condition","Structural Condition","Cargo and/or ballast tanks and their condition & findings.","14. CARGO TANKS","Leakage from adjacent tanks or valve glands may be indicated by an oil sheen on the ballast, the presence of gas or the sound of falling liquid",,,"All vessel types",,"Form D 062 Vessel Inspection Report (2).md:574",D-062|c7|1b4e5725f291
D-062,7,"Structural Condition","Structural Condition","Cargo and/or ballast tanks and their condition & findings.","15. DOUBLE BOTTOM TANKS",,,,"All vessel types",,"Form D 062 Vessel Inspection Report (2).md:575",D-062|c7|882456cc0597
D-062,7,"Structural Condition","Structural Condition","Cargo and/or ballast tanks and their condition & findings.","16. WING (BALLAST) TANKS & associated piping",,,,"All vessel types",parenthetical_not_trailing,"Form D 062 Vessel Inspection Report (2).md:576",D-062|c7|7ea4c41585bc
D-062,7,"Structural Condition","Structural Condition","Cargo and/or ballast tanks and their condition & findings.","17. FORE PEAK TANK",,,,"All vessel types",,"Form D 062 Vessel Inspection Report (2).md:577",D-062|c7|d40552da7ce7
D-062,7,"Structural Condition","Structural Condition","Cargo and/or ballast tanks and their condition & findings.","18. AFT PEAK TANK",,,,"All vessel types",,"Form D 062 Vessel Inspection Report (2).md:578",D-062|c7|9e87bd8a3cf8
D-062,7,"Structural Condition","Structural Condition","Cargo and/or ballast tanks and their condition & findings.","19. COFFERDAMS - DUCT KEEL",,,,"All vessel types",,"Form D 062 Vessel Inspection Report (2).md:579",D-062|c7|d200009fd3eb
D-062,7,"Structural Condition","Structural Condition","Cargo and/or ballast tanks and their condition & findings.","20. VOID SPACES",,,,"All vessel types",,"Form D 062 Vessel Inspection Report (2).md:580",D-062|c7|856640d11bd5
D-062,7,"Structural Condition","Structural Condition","Cargo and/or ballast tanks and their condition & findings.","21. PIPE TUNNEL",,,,"All vessel types",,"Form D 062 Vessel Inspection Report (2).md:581",D-062|c7|c025082a4c6e
D-062,7,"Structural Condition","Structural Condition","Cargo and/or ballast tanks and their condition & findings.","22. FRESH WATER TANKS",,,,"All vessel types",,"Form D 062 Vessel Inspection Report (2).md:582",D-062|c7|82d8f5f552a9
D-062,8,"Cargo And Ballast System (petroleum)","Cargo And Ballast System (petroleum)","Cargo And Ballast System - General","1. Cargo Control Room to be verified clean, tidy & well organised.",,,,"Tanker only",,"Form D 062 Vessel Inspection Report (2).md:593",D-062|c8|5da9231d802f
D-062,8,"Cargo And Ballast System (petroleum)","Cargo And Ballast System (petroleum)","Cargo And Ballast System - General","2. CARGO PUMPS CONTROL, ALARM AND SHUT-DOWN SYSTEM","Check alarm settings, bearing temperature readings, remote pressure gauge readings in CCR or on deck for Chemical tankers",,,"Tanker only",,"Form D 062 Vessel Inspection Report (2).md:594",D-062|c8|a1fe754b70ce
D-062,8,"Cargo And Ballast System (petroleum)","Cargo And Ballast System (petroleum)","Cargo And Ballast System - General","3. CARGO AND BALLAST PUMPS BULKHEAD SHAFT MECHANICAL SEALS (Check temperature alarm settings and readings).",,,,"Tanker only",,"Form D 062 Vessel Inspection Report (2).md:595",D-062|c8|b003e376860b
D-062,8,"Cargo And Ballast System (petroleum)","Cargo And Ballast System (petroleum)","Cargo And Ballast System - General","4. PERMANENT OXYGEN AND GAS DETECTOR (Check analysing unit, calibration records and certificates).",,,,"Tanker only",,"Form D 062 Vessel Inspection Report (2).md:596",D-062|c8|b2a4e878c806
D-062,8,"Cargo And Ballast System (petroleum)","Cargo And Ballast System (petroleum)","Cargo And Ballast System - General","5. PORTABLE OXYGEN, GAS DETECTORS AND TANKSCOPES (EXPLOSIVE GAS IN IG CONTENT)","Calibration, instructions, span gas, calibration certificates",,,"Tanker only",,"Form D 062 Vessel Inspection Report (2).md:597",D-062|c8|83f8c7042dc0
D-062,8,"Cargo And Ballast System (petroleum)","Cargo And Ballast System (petroleum)","Cargo And Ballast System - General","6. PORTABLE TOXIC GAS DETECTORS","Adequate supply of test tubes for all applicable gases, H2S, Benzene, CO, CO2, etc",,,"Tanker only",,"Form D 062 Vessel Inspection Report (2).md:598",D-062|c8|b82acc2938bc
D-062,8,"Cargo And Ballast System (petroleum)","Cargo And Ballast System (petroleum)","Cargo And Ballast System - General","7. BALLAST TANKS AND VOID SPACES MONITORING LOG (ULLAGES AND GAS DETECTION)",,,,"Tanker only",,"Form D 062 Vessel Inspection Report (2).md:599",D-062|c8|b3e9365dc1c7
D-062,8,"Cargo And Ballast System (petroleum)","Cargo And Ballast System (petroleum)","Cargo And Ballast System - General","8. LOADING COMPUTER SOFTWARE PROPERLY TESTED.","Tests to be carried out by physically entering the test data through the keyboard, so all approved by Class test conditions to be put under test within a quarterly period; loadicator test printouts to be reviewed; monitoring via the PMS to be ensured, Test conditions onboard to be noted in survey status report as tested by Class annually",,,"Tanker only",,"Form D 062 Vessel Inspection Report (2).md:600",D-062|c8|cdc92ebebab8
D-062,8,"Cargo And Ballast System (petroleum)","Cargo And Ballast System (petroleum)","Cargo And Ballast System - General","9. MIMIC PIPING DIAGRAM","Valves remote control switches and indicator lights (open/close) operational",,,"Tanker only",,"Form D 062 Vessel Inspection Report (2).md:601",D-062|c8|6de298b83f2a
D-062,8,"Cargo And Ballast System (petroleum)","Cargo And Ballast System (petroleum)","Cargo And Ballast System - General","10. CARGO TANKS HIGH & HIGH-HIGH LEVEL ALARMS PANEL.","High-level alarm system independent of both the gauging devices and the overflow-control alarm. A tank overflow control system shall: 1.come into operation when the normal tank loading procedures fail to stop the liquid level exceeding the normal full condition; 2. give a visual & audible tank-overflow alarm; and 3. provide an agreed signal for sequential shutdown of onshore pumps or valves or both & of ship’s valves. The signal & the pump & valve shutdown may be dependent on operator’s intervention. Use of shipboard automatic closing valves is permitted only when approval obtained from Administration and the Port Authority concerned. High level alarms to be in operation during both loading/ discharging",,,"Tanker only",,"Form D 062 Vessel Inspection Report (2).md:602",D-062|c8|d9d1dd7e412b
D-062,8,"Cargo And Ballast System (petroleum)","Cargo And Ballast System (petroleum)","Cargo And Ballast System - General","11. CARGO TANKS REMOTE PRESSURE GAUGES AND ALARM","Test alarm system, if installed in lieu of secondary venting system",,,"Tanker only",,"Form D 062 Vessel Inspection Report (2).md:603",D-062|c8|01065af53cb1
D-062,8,"Cargo And Ballast System (petroleum)","Cargo And Ballast System (petroleum)","Cargo And Ballast System - General","12. TANKS LEVEL GAUGE REMOTE INDICATORS OR HARDWARE / SOFTWARE MONITORING SYSTEM","Check calibration by specialist and regularly by UTI double checking",,,"Tanker only",,"Form D 062 Vessel Inspection Report (2).md:604",D-062|c8|52f326217159
D-062,8,"Cargo And Ballast System (petroleum)","Cargo And Ballast System (petroleum)","Cargo And Ballast System - General","13. TANKS LEVEL AND TEMPERATURE SENSORS AND CABLING","No damages, calibration records by recognized cargo inspection organization",,,"Tanker only",,"Form D 062 Vessel Inspection Report (2).md:605",D-062|c8|388d9ae03309
D-062,8,"Cargo And Ballast System (petroleum)","Cargo And Ballast System (petroleum)","Cargo And Ballast System - General","14. VESSEL CAPABLE OF OPERATING IN A CLOSED CONDITION IF VOLATILE OR TOXIC PRODUCTS ARE HANDLED, INCLUDING ULLAGING & SAMPLING (All tankers with fixed IGS to be provided with a closed ullage system. Open and restricted gauging allowed only where open venting is allowed by the Code or means are provided for relieving tank pressure before gauge. On a Chemical tanker, “closed” loading is required at all times. In such cases, use of portable UTI tapes is not permitted.",,,,"Tanker only",unbalanced_parenthesis,"Form D 062 Vessel Inspection Report (2).md:606",D-062|c8|6d46081831ba
D-062,8,"Cargo And Ballast System (petroleum)","Cargo And Ballast System (petroleum)","Cargo And Ballast System - General","15. A volatile product is petroleum having a flash point <60C. If a cargo is being handled at a temperature within 100C of its flashpoint, it should be considered volatile. Therefore, a cargo with a flashpoint of 80C is considered volatile if handled at a temperature of 70C or above.)",,,,"Tanker only",escaped_comparison_operator,"Form D 062 Vessel Inspection Report (2).md:607",D-062|c8|0d9ad69385c2
D-062,8,"Cargo And Ballast System (petroleum)","Cargo And Ballast System (petroleum)","Cargo And Ballast System - General","16. LOCAL ULLAGE PORTS FOR USE WITH UTI TAPE","Equipped for closed operation (valves, covers in place), extending to tank bottom",,,"Tanker only",,"Form D 062 Vessel Inspection Report (2).md:608",D-062|c8|8c89fc3df246
D-062,8,"Cargo And Ballast System (petroleum)","Cargo And Ballast System (petroleum)","Cargo And Ballast System - General","17. IF FIXED (closed) TANK GAUGES ARE NOT FITTED, ARE THERE SUFFICIENT PORTABLE UTI TAPES TO GAUGE EVERY TANK BEING WORKED SIMULTANEOUSLY?","UTI tapes constitute a “restricted” type of gauging and should not be used with cargoes that require “closed” operations. There should be 2 spare tapes. The number of tapes in use must be specified. Portable tapes should be calibrated as per maker’s recommendations & valid calibration certificates should be provided for each instrument. Effectively earthed before used in tanks for avoiding electrostatic hazards",,,"Tanker only",,"Form D 062 Vessel Inspection Report (2).md:609",D-062|c8|cb22edda83ea
D-062,8,"Cargo And Ballast System (petroleum)","Cargo And Ballast System (petroleum)","Cargo And Ballast System - General","18. PORTABLE CLOSED SAMPLING EQUIPMENT","Condition, C/O familiar with operation, sample bottles available",,,"Tanker only",,"Form D 062 Vessel Inspection Report (2).md:618",D-062|c8|a6227b0bdf0e
D-062,8,"Cargo And Ballast System (petroleum)","Cargo And Ballast System (petroleum)","Cargo And Ballast System - General","19. OIL RECORD BOOK PART II REVIEW","Check that entries are correct regarding times, vessel positions, operation codes, quantities, etc",,,"Tanker only",,"Form D 062 Vessel Inspection Report (2).md:619",D-062|c8|26a963c0c0bf
D-062,8,"Cargo And Ballast System (petroleum)","Cargo And Ballast System (petroleum)","Cargo And Ballast System - General","20. CARGO OPERATIONS, RECORDS AND FORMS REVIEW","with confirmation of adherence to seasonal load-line zones, water levels, port restrictions and shipboard limits, including maximum cargo capacities and loading rates as well as detailed sequence of cargo and ballast operations and transfer sequences during cargo loading & discharging operations",,,"Tanker only",,"Form D 062 Vessel Inspection Report (2).md:620",D-062|c8|32c35b3b8a15
D-062,8,"Cargo And Ballast System (petroleum)","Cargo And Ballast System (petroleum)","Cargo And Ballast System - General","21. STRESS & STABILITY INFORMATION","calculations must be made for stress and stability conditions for the start, interim and completion of transfer conditions, accompanied by damage stability verification for each calculated condition and Masters & Chief Officers must be aware of vessel’s worst stability case descrived into the Stability Information Booklet. Any intact stability calculations to be included and any Inherent intact stability problems to be reported",,,"Tanker only",,"Form D 062 Vessel Inspection Report (2).md:621",D-062|c8|db6ff017bdcb
D-062,8,"Cargo And Ballast System (petroleum)","Cargo And Ballast System (petroleum)","Cargo And Ballast System - General","22. LOADING RATES","Relaxation periods to be posted and electrostatic hazards precautions taken into account by C/O",,,"Tanker only",,"Form D 062 Vessel Inspection Report (2).md:622",D-062|c8|c47204dd6f9c
D-062,8,"Cargo And Ballast System (petroleum)","Cargo And Ballast System (petroleum)","Cargo And Ballast System - General","23. HEAVY WEATHER BALLAST PROCEDURES (Safe handling of heavy weather ballast in cargo tanks)",,,,"Tanker only",,"Form D 062 Vessel Inspection Report (2).md:623",D-062|c8|e1e5e07cacd8
D-062,8,"Cargo And Ballast System (petroleum)","Cargo And Ballast System (petroleum)","Cargo Piping and Related Equipment","24. CARGO MANIFOLD VALVES AND GAUGES","Manifold pressure gauges fitted with valves or cocks, check valves condition, gauge quick couplings and cocks available outboard of valves, blank flanges equivalent to pipe rating (e.g. ANSI 150) fitted, reducers secured in pumpman store",,,"Tanker only",,"Form D 062 Vessel Inspection Report (2).md:625",D-062|c8|a95d8f01137b
D-062,8,"Cargo And Ballast System (petroleum)","Cargo And Ballast System (petroleum)","Cargo Piping and Related Equipment","25. MANIFOLD BLANK FLANGES OF AN EQUIVALENT RATING TO THAT OF THE MANIFOLD PIPELINES","Steel blanks of same thickness as the flanges to which they are attached, but this will not necessarily result in the pressure capability being the same as that of the associated pipework. It is the pressure rating of the blank which is important. If such blanks are not fitted, check documentation to prove that pressure rating is adequate for the service",,,"Tanker only",,"Form D 062 Vessel Inspection Report (2).md:626",D-062|c8|70929a6abb9a
D-062,8,"Cargo And Ballast System (petroleum)","Cargo And Ballast System (petroleum)","Cargo Piping and Related Equipment","26. ALL FLANGE CONNECTIONS FULLY BOLTED","This includes any line which is being used for, or might become pressurised during cargo operations on both sides of the vessel",,,"Tanker only",,"Form D 062 Vessel Inspection Report (2).md:627",D-062|c8|ccf46f05ddbc
D-062,8,"Cargo And Ballast System (petroleum)","Cargo And Ballast System (petroleum)","Cargo Piping and Related Equipment","27. PRESSURE GAUGES FITTED TO THE OFFSHORE MANIFOLDS & REGULARLY CHECKED DURING CARGO TRANSFER/DISCHARGE FOR MANIFOLD VALVE LEAKAGE","Manifold pressure gauges fitted outboard of the manifold valves and in order",,,"Tanker only",,"Form D 062 Vessel Inspection Report (2).md:628",D-062|c8|dda7ae0aaad4
D-062,8,"Cargo And Ballast System (petroleum)","Cargo And Ballast System (petroleum)","Cargo Piping and Related Equipment","28. MANIFOLD VALVES AND LINES MUST BE MARKED TO IDENTIFY THE TANK(S) THEY SERVE",,,,"Tanker only",parenthetical_not_trailing,"Form D 062 Vessel Inspection Report (2).md:629",D-062|c8|bdac37505c0e
D-062,8,"Cargo And Ballast System (petroleum)","Cargo And Ballast System (petroleum)","Cargo Piping and Related Equipment","29. MANIFOLDS FITTED WITH DRAIN LINES & PURGE POINTS & MUST BE VALVED & CAPPED (Pipeline drains & stub pieces valved & capped & in order).",,,,"Tanker only",,"Form D 062 Vessel Inspection Report (2).md:630",D-062|c8|2b6b5dc90ddf
D-062,8,"Cargo And Ballast System (petroleum)","Cargo And Ballast System (petroleum)","Cargo Piping and Related Equipment","30. VAPOUR LOCKS calibrated and certified by a recognised cargo inspection organisation & FITTED WITH FULL DEPTH SOUNDING PIPES","Sounding pipes should extend the full depth of the tank, earthed to structure at each end and slotted to prevent any pressure differential building up within the pipe. This will allow operations to be carried out at any time because it will not be possible for any significant electrical charge to accumulate on the surface of the liquid within the pipe. If not, static precautions must be taken, in particular allowing a relaxation period before taking ullages or sampling. Corrections for datum levels & for list & trim to be checked & approved by the authority if ullages from vapour locks are used for cargo calculation",,,"Tanker only",,"Form D 062 Vessel Inspection Report (2).md:631",D-062|c8|72ff88ef0d3c
D-062,8,"Cargo And Ballast System (petroleum)","Cargo And Ballast System (petroleum)","Cargo Piping and Related Equipment","31. CARGO MANIFOLD SPILL TRAY","Empty & suitable means of draining to a cargo tank or spill tank. Dimensions & provisions according to OCIMF “Recommendations for Manifolds & Associated Equipment”",,,"Tanker only",,"Form D 062 Vessel Inspection Report (2).md:632",D-062|c8|2c27250fa6c2
D-062,8,"Cargo And Ballast System (petroleum)","Cargo And Ballast System (petroleum)","Cargo Piping and Related Equipment","32. CARGO PIPING","Corrosion of flanges, gaskets, supports, expansion joints. Piping free of corrosion, soft patches, pitting and temporary repairs. Grounding cables fitted between flanges",,,"Tanker only",,"Form D 062 Vessel Inspection Report (2).md:633",D-062|c8|a7bb5fcb8ba6
D-062,8,"Cargo And Ballast System (petroleum)","Cargo And Ballast System (petroleum)","Cargo Piping and Related Equipment","33. VECS LINE AND MANIFOLD","Manifold is marked according to requirements, presentation flange with stud at 12 o’clock position. Piping free of corrosion and temporary repairs, VECS system in operational condition",,,"Tanker only",,"Form D 062 Vessel Inspection Report (2).md:634",D-062|c8|3d399026e6c4
D-062,8,"Cargo And Ballast System (petroleum)","Cargo And Ballast System (petroleum)","Cargo Piping and Related Equipment","34. SUCTION BELLS AND WELLS (Corrosion, wear due to flow, free of residue and rags).",,,,"Tanker only",,"Form D 062 Vessel Inspection Report (2).md:635",D-062|c8|f3880e71a3fa
D-062,8,"Cargo And Ballast System (petroleum)","Cargo And Ballast System (petroleum)","Cargo Piping and Related Equipment","35. CARGO HOSES","Condition, signs of wear or permanent deformation. Pressure test annually according to OCIMF, attestation by Class every 2.5 years",,,"Tanker only",,"Form D 062 Vessel Inspection Report (2).md:636",D-062|c8|9504ac5cbf33
D-062,8,"Cargo And Ballast System (petroleum)","Cargo And Ballast System (petroleum)","Cargo And Ballast System - General","36. CARGO PIPES PRESSURE TEST (Tested annually by vessel means and test pressure and date marked on piping. Tests during shipyard repairs (every 5 years) and attestation by Class available). TESTS AT 150% MAWP EVERY 2.5 YEARS",,,,"Tanker only",parenthetical_not_trailing,"Form D 062 Vessel Inspection Report (2).md:646",D-062|c8|e9acc69b3c90
D-062,8,"Cargo And Ballast System (petroleum)","Cargo And Ballast System (petroleum)","Cargo And Ballast System - General","37. NO BALLAST LINES PASSING THROUGH CARGO TANKS (If yes, they must be tested regularly).",,,,"Tanker only",,"Form D 062 Vessel Inspection Report (2).md:647",D-062|c8|58417fde03ae
D-062,8,"Cargo And Ballast System (petroleum)","Cargo And Ballast System (petroleum)","Cargo And Ballast System - General","38. STERN LINE INSPECTION","All welded construction, self draining. Valve & spectacle flange fitted at connection with main cargo line. Spill tray fitted in way of valve. Manifold fitted with spill tray and pumps with emergency stop",,,"Tanker only",,"Form D 062 Vessel Inspection Report (2).md:648",D-062|c8|aa770f8900ef
D-062,8,"Cargo And Ballast System (petroleum)","Cargo And Ballast System (petroleum)","Cargo And Ballast System - General","39. VAPOUR RETURN MANIFOLDS","To prevent the accidental connection of a cargo line, vapour manifolds should have a stud fitted at the 12 o’clock position and the blank flange should have a corresponding hole to receive the stud",,,"Tanker only",,"Form D 062 Vessel Inspection Report (2).md:649",D-062|c8|b756e7f935f0
D-062,8,"Cargo And Ballast System (petroleum)","Cargo And Ballast System (petroleum)","Cargo And Ballast System - General","40. CARGO MANIFOLDS","For vessels>16,000 dwt: Distance of the presentation flanges inboard from ship’s side should be 4600 mm. The height of centres of presentation flanges above deck<2100 mm. The working platform (the grating of saveall) should be fitted to allow 900 mm between the level of the platform and centres of presentation flanges",,,"Tanker only",escaped_comparison_operator,"Form D 062 Vessel Inspection Report (2).md:650",D-062|c8|e01241cd5720
D-062,8,"Cargo And Ballast System (petroleum)","Cargo And Ballast System (petroleum)","Cargo And Ballast System - General","41. PIPING SYSTEM FREE OF UNAUTHORISED INTER-CONNECTIONS BETWEEN CARGO, BUNKER AND BALLAST SYSTEMS",,,,"Tanker only",,"Form D 062 Vessel Inspection Report (2).md:651",D-062|c8|963b880da675
D-062,8,"Cargo And Ballast System (petroleum)","Cargo And Ballast System (petroleum)","Cargo And Ballast System - General","42. BULKHEAD SEALS TO BE GAS TIGHT AND, IF REQUIRED, WELL LUBRICATED",,,,"Tanker only",,"Form D 062 Vessel Inspection Report (2).md:652",D-062|c8|d84fe73d2e16
D-062,8,"Cargo And Ballast System (petroleum)","Cargo And Ballast System (petroleum)","Cargo Pump Room and Associated Equipment","43. CARGO PUMPS","Condition, no vibration and excessive temperatures, no leaks, pressure gauges available, performance curves available, GUARDS ON SHAFTS",,,"Tanker only",,"Form D 062 Vessel Inspection Report (2).md:654",D-062|c8|2e15eaff6ee1
D-062,8,"Cargo And Ballast System (petroleum)","Cargo And Ballast System (petroleum)","Cargo Pump Room and Associated Equipment","44. CARGO PUMP EMERGENCY SHUT DOWN SYSTEM","Pump alarms & trips, level alarms, etc., where fitted, to be tested regularly and the results recorded.",,,"Tanker only",,"Form D 062 Vessel Inspection Report (2).md:655",D-062|c8|3dcc832334c3
D-062,8,"Cargo And Ballast System (petroleum)","Cargo And Ballast System (petroleum)","Cargo Pump Room and Associated Equipment","45. EMERGENCY CARGO PUMP AND ASSOCIATED HOSES",,,,"Tanker only",,"Form D 062 Vessel Inspection Report (2).md:656",D-062|c8|3665c8941d9d
D-062,8,"Cargo And Ballast System (petroleum)","Cargo And Ballast System (petroleum)","Cargo Pump Room and Associated Equipment","46. CARGO, BALLAST & STRIPPING PUMPS, EDUCTORS AND THEIR ASSOCIATED INSTRUMENTATION & CONTROLS",,,,"Tanker only",,"Form D 062 Vessel Inspection Report (2).md:657",D-062|c8|8706148f793c
D-062,8,"Cargo And Ballast System (petroleum)","Cargo And Ballast System (petroleum)","Cargo Pump Room and Associated Equipment","47. STRIPPING PUMPS",,,,"Tanker only",,"Form D 062 Vessel Inspection Report (2).md:658",D-062|c8|405395ae5dee
D-062,8,"Cargo And Ballast System (petroleum)","Cargo And Ballast System (petroleum)","Cargo Pump Room and Associated Equipment","48. CARGO & BALLAST PUMP BEARING, CASING & SHAFT GLAND TEMPERATURE MONITORING.","There is only a requirement to provide an alarm. There is no requirement for temperatures to be displayed or for a high temperature trip to operate. Cargo pump bearings must not have temporary cooling fitted.",,,"Tanker only",,"Form D 062 Vessel Inspection Report (2).md:659",D-062|c8|7988cd122289
D-062,8,"Cargo And Ballast System (petroleum)","Cargo And Ballast System (petroleum)","Cargo Pump Room and Associated Equipment","49. REMOTE & LOCAL TEMPERATURE AND PRESSURE & VIBRATION SENSORS & GAUGES",,,,"Tanker only",,"Form D 062 Vessel Inspection Report (2).md:660",D-062|c8|9bd13f1ebf7a
D-062,8,"Cargo And Ballast System (petroleum)","Cargo And Ballast System (petroleum)","Cargo Pump Room and Associated Equipment","50. BILGE PUMP (Operable from outside the pump room).",,,,"Tanker only",,"Form D 062 Vessel Inspection Report (2).md:661",D-062|c8|adeef973fd00
D-062,8,"Cargo And Ballast System (petroleum)","Cargo And Ballast System (petroleum)","Cargo Pump Room and Associated Equipment","51. ARRANGEMENTS FOR BILGE RESIDUES SAFE TRANFER/ EMERG. DISPOSAL OF P/R BILGE ACCUMULATIONS","Check if residues can be discharged via permanent piping directly to slop tanks. Check stripping system to enable lines and pumps to be drained to a cargo or slop tank. There should be an effective means to line up and operate the bilge system by remote operation from P/R top, including where necessary a procedure for pre-setting of valves to ensure that system can be operated & bilges pumped during the voyage",,,"Tanker only",,"Form D 062 Vessel Inspection Report (2).md:662",D-062|c8|1dc6d05d22e2
D-062,8,"Cargo And Ballast System (petroleum)","Cargo And Ballast System (petroleum)","Cargo Pump Room and Associated Equipment","52. DISCHARGE PRESSURE GAUGES PROVIDED OUTSIDE THE CARGO PUMP ROOM & IN ORDER",,,,"Tanker only",,"Form D 062 Vessel Inspection Report (2).md:663",D-062|c8|2ea3bf0187e7
D-062,8,"Cargo And Ballast System (petroleum)","Cargo And Ballast System (petroleum)","Cargo Pump Room and Associated Equipment","53. BULKHEAD SHAFT MECHANICAL SEALS (Correct operation, no excessive temperatures, gas tight).",,,,"Tanker only",,"Form D 062 Vessel Inspection Report (2).md:664",D-062|c8|497d8c79500e
D-062,8,"Cargo And Ballast System (petroleum)","Cargo And Ballast System (petroleum)","Cargo Pump Room and Associated Equipment","54. PIPING & VALVES","No leaks, valve easily operable, marked according to mimic diagram for easy identification and communication. Piping free of corrosion, pitting, soft patches and other temporary repairs",,,"Tanker only",,"Form D 062 Vessel Inspection Report (2).md:665",D-062|c8|b5d8e4180699
D-062,8,"Cargo And Ballast System (petroleum)","Cargo And Ballast System (petroleum)","Cargo Pump Room and Associated Equipment","55. PERMANENT OXYGEN AND GAS DETECTOR","Sensors and cabling in good condition, alarm siren and light operational",,,"Tanker only",,"Form D 062 Vessel Inspection Report (2).md:666",D-062|c8|a4e8f46697b3
D-062,8,"Cargo And Ballast System (petroleum)","Cargo And Ballast System (petroleum)","Cargo Pump Room and Associated Equipment","56. PUMP ROOM GAS MONITORING SYSTEM IN ORDER & REGULARLY CHECKED","Sampling points or detector heads located in suitable positions to detect all potentially leakages. When hydrocarbon gas concentration reaches a pre-set level<10% of LEL, a continuous audible & visual alarm signal automatically effected in pump room & CCR. Alarm automatically effected in pump room, ECR, CCR & bridge on vessels constructed> 1/7/02",,,"Tanker only",escaped_comparison_operator,"Form D 062 Vessel Inspection Report (2).md:667",D-062|c8|be38e69a7845
D-062,8,"Cargo And Ballast System (petroleum)","Cargo And Ballast System (petroleum)","Cargo And Ballast System - General","57. TANK CLEANING HEATER","Isolation from COW line, no corrosion, insulation, valves & gauges in order",,,"Tanker only",,"Form D 062 Vessel Inspection Report (2).md:678",D-062|c8|35974f56e2e4
D-062,8,"Cargo And Ballast System (petroleum)","Cargo And Ballast System (petroleum)","Cargo And Ballast System - General","58. VENT. FANS & DUCTS, FIRE DAMPERS","Air suction below gratings of lower tier. Dampers marked & operable from outside. Often the vent. system is fitted with high level suctions at or above the bottom gratings, the flaps of which are operable from P/R top, in order to allow fans to be operated when bilges are flooded and flaps should, under normal operations, be closed",,,"Tanker only",,"Form D 062 Vessel Inspection Report (2).md:679",D-062|c8|b0057a7c0a46
D-062,8,"Cargo And Ballast System (petroleum)","Cargo And Ballast System (petroleum)","Cargo And Ballast System - General","59. LIGHTING FIXTURES","Ex. proof and in good condition, no broken or cracked covers, adequate lighting, flame paths should not be painted over. Fluorescent fittings will generally have flame paths at each end",,,"Tanker only",,"Form D 062 Vessel Inspection Report (2).md:680",D-062|c8|9dbba8499343
D-062,8,"Cargo And Ballast System (petroleum)","Cargo And Ballast System (petroleum)","Cargo And Ballast System - General","60. ODME","Check print out records. ODME elements i.e. oil content meter, automatic stopping device, pumps and piping must be working satisfactorily",,,"Tanker only",,"Form D 062 Vessel Inspection Report (2).md:681",D-062|c8|a0a844822234
D-062,8,"Cargo And Ballast System (petroleum)","Cargo And Ballast System (petroleum)","Cargo And Ballast System - General","61. MARPOL ANNEX I OVERBOARD DISCHARGE ARRANGEMENT",,,,"Tanker only",,"Form D 062 Vessel Inspection Report (2).md:682",D-062|c8|3b57ba3ca952
D-062,8,"Cargo And Ballast System (petroleum)","Cargo And Ballast System (petroleum)","Cargo And Ballast System - General","62. MARPOL ANNEX II UNDERWATER DISCHARGE ARRANGEMENT (CHEMICAL TANKERS)",,,,"Tanker only",,"Form D 062 Vessel Inspection Report (2).md:683",D-062|c8|d57de1f953e6
D-062,8,"Cargo And Ballast System (petroleum)","Cargo And Ballast System (petroleum)","Cargo And Ballast System - General","63. P/R HIGH LEVEL BILGE ALARMS (Test and check records).",,,,"Tanker only",,"Form D 062 Vessel Inspection Report (2).md:684",D-062|c8|a52cee131401
D-062,8,"Cargo And Ballast System (petroleum)","Cargo And Ballast System (petroleum)","Cargo And Ballast System - General","64. P/R BILGES (Free of cargo residues, clean).",,,,"Tanker only",,"Form D 062 Vessel Inspection Report (2).md:685",D-062|c8|542f2d84598b
D-062,8,"Cargo And Ballast System (petroleum)","Cargo And Ballast System (petroleum)","Cargo And Ballast System - General","65. ARRANGEMENT FOR LIFTING UNCONSCIOUS PERSON","Check if tackle and rescue harness is set up and readily operable",,,"Tanker only",,"Form D 062 Vessel Inspection Report (2).md:686",D-062|c8|667a1f19470f
D-062,8,"Cargo And Ballast System (petroleum)","Cargo And Ballast System (petroleum)","Cargo And Ballast System - General","66. VENTILATION OF P/R SPACES","Mechanically ventilated & discharges from exhaust fans led to safe place on deck. Changes of air>20 per hour. The vent. shall be of suction type using fans of non-sparking type. On vessels constructed after 1/7/2002 the air ducts arranged so that all space is effectively ventilated. On some older vessels the vent. system operates with one fan on supply & the other on extraction. Nevertheless, there should be extraction from both sides of P/R bilge area. Lighting, except em. lighting, interlocked with vent. such that the vent. shall be in operation when switching on the lighting. Failure of vent. shall not cause the lighting to go out. If only one extraction fan, there should be alternative arrangements to re-establish extraction in case of failure, i.e. a spare motor, or the ability to reverse the polarity of a supply fan",,,"Tanker only",escaped_comparison_operator,"Form D 062 Vessel Inspection Report (2).md:687",D-062|c8|e07c208888f0
D-062,8,"Cargo And Ballast System (petroleum)","Cargo And Ballast System (petroleum)","Cargo And Ballast System - General","67. CARGO SAMPLE LOCKER SITUATED WITHIN THE MAIN CARGO AREA, IN ORDER, ADEQUATELY VENTILATED & SUITABLY CONSTRUCTED TO PREVENT BREAKAGES (Only if locker contains flammable liquids, are SOLAS fire extinguishing arrangements required. The stowage space should be:",,,,"Tanker only",unbalanced_parenthesis,"Form D 062 Vessel Inspection Report (2).md:688",D-062|c8|a24749096a69
D-062,8,"Cargo And Ballast System (petroleum)","Cargo And Ballast System (petroleum)","Cargo And Ballast System - General","68. Cell divided in order to avoid shifting of the bottles at sea;",,,,"Tanker only",,"Form D 062 Vessel Inspection Report (2).md:689",D-062|c8|afea262c7c95
D-062,8,"Cargo And Ballast System (petroleum)","Cargo And Ballast System (petroleum)","Cargo And Ballast System - General","69. Made of material fully resistant to different liquids intended to be stowed; and",,,,"Tanker only",,"Form D 062 Vessel Inspection Report (2).md:690",D-062|c8|cb3476e82055
D-062,8,"Cargo And Ballast System (petroleum)","Cargo And Ballast System (petroleum)","Cargo And Ballast System - General","70. Equipped with adequate ventilation arrangements.",,,,"Tanker only",,"Form D 062 Vessel Inspection Report (2).md:691",D-062|c8|fbd77e8e3b76
D-062,8,"Cargo And Ballast System (petroleum)","Cargo And Ballast System (petroleum)","Cargo And Ballast System - General","71. Samples which react with each other dangerously should not be stowed close to each other. Samples not retained on board longer than necessary. Mechanical ventilation is not required).",,,,"Tanker only",,"Form D 062 Vessel Inspection Report (2).md:692",D-062|c8|bf96ad24c69c
D-062,8,"Cargo And Ballast System (petroleum)","Cargo And Ballast System (petroleum)","Cargo Tank Venting Arrangement","72. INDIVIDUAL P/V VALVES: Date of last calibration: ………………….","In order, inspected & cleaned regularly. High jet cones & flaps should not be jacked open, particularly when loading. High jet vents not fitted with flame screens & their correct operation relies on a pressure build-up within the compartment which opens the valve at a predetermined level & results in a gas exit velocity>30 m/sec. This result in protection against passage of flame, the speed of which is 7.5 m/sec. Request the manual lifting of P/V valves. P/V valves checked for free movement prior to the commencement of each cargo operation as required by the Ship to Shore Safety check list. Condition inspection, last overhaul and regular maintenance records, setting, test, Class attestation, vacuum side fitted with flame screen in good condition",date,"Date of last calibration","Tanker only",escaped_comparison_operator,"Form D 062 Vessel Inspection Report (2).md:694",D-062|c8|7f70082a429e
D-062,8,"Cargo And Ballast System (petroleum)","Cargo And Ballast System (petroleum)","Cargo Tank Venting Arrangement","73. FLAME SCREENS IN ORDER, EASILY ACCESSIBLE, REMOVABLE AND INSPECTED & CLEANED REGULARLY. (Check records)",,,,"Tanker only",,"Form D 062 Vessel Inspection Report (2).md:695",D-062|c8|4f6348df0ee8
D-062,8,"Cargo And Ballast System (petroleum)","Cargo And Ballast System (petroleum)","Cargo Tank Venting Arrangement","74. COMMON VENT. LINE & BRANCH LINES (Corrosion, flanges, gaskets).",,,,"Tanker only",,"Form D 062 Vessel Inspection Report (2).md:696",D-062|c8|cbe006faf8b3
D-062,8,"Cargo And Ballast System (petroleum)","Cargo And Ballast System (petroleum)","Cargo Tank Venting Arrangement","75. COMMON VENT. LINE STOP VALVES","Stop valves fitted with locking arrangement and open/close indication. Responsible Officer secures padlock keys in key cabinet",,,"Tanker only",,"Form D 062 Vessel Inspection Report (2).md:697",D-062|c8|3c8bfe1b8166
D-062,8,"Cargo And Ballast System (petroleum)","Cargo And Ballast System (petroleum)","Cargo Tank Venting Arrangement","76. MAST RISERS","Corrosion, self draining, fitted with flame screens in good condition, at least 6.0 m above deck",,,"Tanker only",,"Form D 062 Vessel Inspection Report (2).md:698",D-062|c8|adcf15791e8e
D-062,8,"Cargo And Ballast System (petroleum)","Cargo And Ballast System (petroleum)","Inert Gas System","77. VENTING SYSTEM AS PER SOLAS SECONDARY VENTING ARRANGEMENT REQUIREMENTS","A secondary means of full flow relief of vapour, air or IG mixtures shall be provided. Alternatively, pressure sensors may be fitted in each tank protected by the primary venting arrangement with a monitoring system in CCR or position from which cargo operations are carried out. Such monitoring equipment shall also provide an alarm which is activated by detection of over-pressure or under-pressure conditions within a tank. The IBC Code requires: Controlled tank venting systems should consist of a primary and a secondary means of allowing full flow relief of vapour to prevent over-pressure or under-pressure in the event of failure of one means",,,"Tanker only",,"Form D 062 Vessel Inspection Report (2).md:710",D-062|c8|48f6cb40e0cf
D-062,8,"Cargo And Ballast System (petroleum)","Cargo And Ballast System (petroleum)","Inert Gas System","78. IG PIPING ON DECK (No corrosion, pitting, soft patches or other repairs).",,,,"Tanker only",,"Form D 062 Vessel Inspection Report (2).md:711",D-062|c8|102b1ec10d55
D-062,8,"Cargo And Ballast System (petroleum)","Cargo And Ballast System (petroleum)","Inert Gas System","79. DECK NON- RETURN VALVE (Check last inspection records).",,,,"Tanker only",,"Form D 062 Vessel Inspection Report (2).md:712",D-062|c8|6ece898b032b
D-062,8,"Cargo And Ballast System (petroleum)","Cargo And Ballast System (petroleum)","Inert Gas System","80. DECK SEAL (Check corrosion, water level correct and clearly visible).",,,,"Tanker only",,"Form D 062 Vessel Inspection Report (2).md:713",D-062|c8|a820e74275a4
D-062,8,"Cargo And Ballast System (petroleum)","Cargo And Ballast System (petroleum)","Inert Gas System","81. P/V BREAKER","If it is filled with water, the liquid should be protected against freezing by anti-freeze, if needed. Check water level, level indicator",,,"Tanker only",,"Form D 062 Vessel Inspection Report (2).md:714",D-062|c8|bd7ff881703e
D-062,8,"Cargo And Ballast System (petroleum)","Cargo And Ballast System (petroleum)","Inert Gas System","82. CAPABILITY OF INERTING DOUBLE HULL VOID SPACES / BALLAST TANKS","PROCEDURES TO BE POSTED & CREW AWARE, EQUIPMENT EADY FOR USE",,,"Tanker only",,"Form D 062 Vessel Inspection Report (2).md:715",D-062|c8|97a066a10dae
D-062,8,"Cargo And Ballast System (petroleum)","Cargo And Ballast System (petroleum)","Inert Gas System","83. THE READINGS ON LOCAL, BRIDGE & CCR OXYGEN & PRESSURE RECORDERS AGREE","Instrumentation fitted for continuously indicating & permanently recording when IG is supplied: a. The pressure of the IG supply forward of the non-return devices; and b. The oxygen content of IG in IG supply mains on discharge side of the gas blowers. c. The devices placed in CCR or in a position accessible to the Officer in charge of cargo operations. Meters shall also be fitted: a. In the bridge to indicate at all times the pressure of the IG main forward of the non-return devices; b. In the machinery control room or in the machinery space to indicate the oxygen content of the IG in IG supply mains on the discharge side of the gas blowers",,,"Tanker only",struck_through_partial_review,"Form D 062 Vessel Inspection Report (2).md:716",D-062|c8|25f8f2249e45
D-062,8,"Cargo And Ballast System (petroleum)","Cargo And Ballast System (petroleum)","Inert Gas System","84. VAPOUR SPACES IN CARGO TANKS MAINTAINED AT POSITIVE PRESSURE","Cargo tanks must be kept to a positive relative pressure (about 300-400mm WG) to avoid atmospheric oxygen ingress",,,"Tanker only",,"Form D 062 Vessel Inspection Report (2).md:717",D-062|c8|d4ac2a87f16d
D-062,8,"Cargo And Ballast System (petroleum)","Cargo And Ballast System (petroleum)","Inert Gas System","85. OXYGEN CONTENT IN CARGO TANKS MEET IMO REQUIREMENTS",,,,"Tanker only",,"Form D 062 Vessel Inspection Report (2).md:718",D-062|c8|642ab944911c
D-062,8,"Cargo And Ballast System (petroleum)","Cargo And Ballast System (petroleum)","Inert Gas System","86. WAS THE FIXED OXYGEN ANALYSER CALIBRATED IMMEDIATELY PRIOR TO USE OF IG?",,,,"Tanker only",,"Form D 062 Vessel Inspection Report (2).md:719",D-062|c8|517aa38b2c8c
D-062,8,"Cargo And Ballast System (petroleum)","Cargo And Ballast System (petroleum)","Inert Gas System","87. STOP VALVES WHICH PERMIT ISOLATION OF INDIVIDUAL TANKS FROM THE COMMON VENTING SYSTEM PROVIDED WITH POSITIVE LOCKING ARRANGEMENTS","Keys under the control of a responsible Officer. Where arrangements are combined with other cargo tanks, either stop valves or other acceptable means provided to isolate each cargo tank. There shall be a clear visual indication of the operational status of the valves or other acceptable means",,,"Tanker only",,"Form D 062 Vessel Inspection Report (2).md:720",D-062|c8|05017e6d13f3
D-062,8,"Cargo And Ballast System (petroleum)","Cargo And Ballast System (petroleum)","Inert Gas System","88. OXYGEN CONTENT OF IG DELIVERY AT OR BELOW THE PERMITTED MAXIMUM","Record if the oxygen delivery is more than 5% or if a high oxygen level alarm is not fitted. For tankers constructed after 1/9/84: The system capable of maintaining the atmosphere in any part of any cargo tank with oxygen> 8% by volume and at a positive pressure at all times in port and at sea, except when it is necessary for the tank to be gas free. System capable of delivering IG with oxygen< 5% by volume in IG supply main to the cargo tanks. For tankers constructed before 1/9/84: IGS capable of providing on demand a gas or mixture of gases to the cargo tanks so deficient in oxygen that the atmosphere within the tank may be rendered inert, i.e. incapable of propagating flame. Oxygen content in IG supply <5% by volume",,,"Tanker only",escaped_comparison_operator,"Form D 062 Vessel Inspection Report (2).md:721",D-062|c8|aafd27778c98
D-062,8,"Cargo And Ballast System (petroleum)","Cargo And Ballast System (petroleum)","Tank Cleaning System and Crude Oil Washing","89. PIPING & VALVES","Hydrant type connections sealed with blanks or caps. Piping test pressure & date marked. No corrosion, pitting, soft patches or repairs",,,"Tanker only",,"Form D 062 Vessel Inspection Report (2).md:723",D-062|c8|1b82aeb2f758
D-062,8,"Cargo And Ballast System (petroleum)","Cargo And Ballast System (petroleum)","Tank Cleaning System and Crude Oil Washing","90. COW AND/OR BUTTERWORTH LINE PRESSURE GAUGES (Fitted, in order, calibration records kept).",,,,"Tanker only",,"Form D 062 Vessel Inspection Report (2).md:724",D-062|c8|b05706a516f7
D-062,8,"Cargo And Ballast System (petroleum)","Cargo And Ballast System (petroleum)","Tank Cleaning System and Crude Oil Washing","91. PERMANENT TANK WASHING MACHINES (Inspection records during last DD, especially of nozzles).",,,,"Tanker only",,"Form D 062 Vessel Inspection Report (2).md:725",D-062|c8|593ff5a3182b
D-062,8,"Cargo And Ballast System (petroleum)","Cargo And Ballast System (petroleum)","Tank Cleaning System and Crude Oil Washing","92. PORTABLE TANK WASHING MACHINES",,,,"Tanker only",,"Form D 062 Vessel Inspection Report (2).md:726",D-062|c8|f9cf2309f2e8
D-062,8,"Cargo And Ballast System (petroleum)","Cargo And Ballast System (petroleum)","Cargo And Ballast System - General","93. TANK WASH HOSES","Inspection, conductance / continuity test prior each operation and records, resistance less than 6 Ohms/m",,,"Tanker only",,"Form D 062 Vessel Inspection Report (2).md:734",D-062|c8|0083410a7132
D-062,8,"Cargo And Ballast System (petroleum)","Cargo And Ballast System (petroleum)","Cargo And Ballast System - General","94. PORTABLE AIR SUPPLY FANS (Spark free and air or water driven).",,,,"Tanker only",,"Form D 062 Vessel Inspection Report (2).md:735",D-062|c8|d43a89331fd5
D-062,8,"Cargo And Ballast System (petroleum)","Cargo And Ballast System (petroleum)","Cargo And Ballast System - General","95. PERMANENT AIR SUPPLY FANS","Ex. proof motor, spark free fan & no return valve outside fan space",,,"Tanker only",,"Form D 062 Vessel Inspection Report (2).md:736",D-062|c8|dc3a499c624e
D-062,8,"Cargo And Ballast System (petroleum)","Cargo And Ballast System (petroleum)","Cargo And Ballast System - General","96. COW MANUAL (Up to date, valid and ship specific).",,,,"Tanker only",,"Form D 062 Vessel Inspection Report (2).md:737",D-062|c8|0c9f27102c9f
D-062,8,"Cargo And Ballast System (petroleum)","Cargo And Ballast System (petroleum)","Cargo And Ballast System - General","97. TANK WASHING PROCEDURES AND PRECAUTIONS","Deck crew aware of procedures, precautions & documentation. Before departure on a ballast voyage approximately 25% of cargo tanks shall be COW for sludge control purposes on a rotational basis as per Operations & Equipment Manual. However no tank need be COW more than once in 4 months. If considered that additional ballast may be required during the ballast voyage, the tank(s) which may be used for this shall be COW; ballast water shall not be put into cargo tanks that have not been crude oil washed",,,"Tanker only",,"Form D 062 Vessel Inspection Report (2).md:738",D-062|c8|5f81c493138d
D-062,8,"Cargo And Ballast System (petroleum)","Cargo And Ballast System (petroleum)","Cargo Tank Heating System","98. CARGO TANK HEATING COILS (Inspection for corrosion, holes, supports).",,,,"Tanker only",,"Form D 062 Vessel Inspection Report (2).md:740",D-062|c8|c627286d6ea9
D-062,8,"Cargo And Ballast System (petroleum)","Cargo And Ballast System (petroleum)","Cargo Tank Heating System","99. HEATING COIL / EXCHANGER ON DECK (Corrosion, steam leakage, steam traps clean).",,,,"Tanker only",,"Form D 062 Vessel Inspection Report (2).md:741",D-062|c8|555d21cf09bb
D-062,8,"Cargo And Ballast System (petroleum)","Cargo And Ballast System (petroleum)","Cargo Tank Heating System","100. MAIN HEATING LINE, VALVES & OBSERVATION TANK ON DECK","Corrosion, heat and sea water resistant paint, observation tank sight glass clean, no cargo residues in condensate",,,"Tanker only",,"Form D 062 Vessel Inspection Report (2).md:742",D-062|c8|9f47f1c14444
D-062,8,"Cargo And Ballast System (petroleum)","Cargo And Ballast System (petroleum)","Cargo Tank Heating System","101. CARGO TANK HEATING SYSTEM SATISFACTORY, REGULARLY TESTED & OBSERVATION TANK FREE OF OIL","A few drops of oil on the surface of hot wells or observation tanks is normal, but a layer of oil indicates that there is a serious problem. In the case of thermal heating systems, piping should be sound, pumps, joints and glands free of leaks and the heater unit in satisfactory condition. Where parts can be isolated, procedure should be in place to identify and record which part is isolated",,,"Tanker only",,"Form D 062 Vessel Inspection Report (2).md:743",D-062|c8|b4b152f680b2
D-062,8,"Cargo And Ballast System (petroleum)","Cargo And Ballast System (petroleum)","Cargo Tank Heating System","102. HEAT EXCHANGERS (Inspection for corrosion, holes, supports).",,,,"Tanker only",,"Form D 062 Vessel Inspection Report (2).md:744",D-062|c8|8cb58d1f7683
D-062,8,"Cargo And Ballast System (petroleum)","Cargo And Ballast System (petroleum)","Cargo Gear Equipment and Documentation","103. CRANE/DERRICK POST (Check for corrosion and welds defects).",,,,"Tanker only",,"Form D 062 Vessel Inspection Report (2).md:746",D-062|c8|f5e70f81a8c5
D-062,8,"Cargo And Ballast System (petroleum)","Cargo And Ballast System (petroleum)","Cargo Gear Equipment and Documentation","104. GOOSENECK AND PIN (Condition, greased, clearances, wear).",,,,"Tanker only",,"Form D 062 Vessel Inspection Report (2).md:747",D-062|c8|283ce197ca35
D-062,8,"Cargo And Ballast System (petroleum)","Cargo And Ballast System (petroleum)","Cargo Gear Equipment and Documentation","105. CRANE/DERRICK BOOM","Check for corrosion, condition of post hinge and pin, condition of eye plates, SWL and test date marked",,,"Tanker only",,"Form D 062 Vessel Inspection Report (2).md:748",D-062|c8|b2261a0cde61
D-062,8,"Cargo And Ballast System (petroleum)","Cargo And Ballast System (petroleum)","Cargo Gear Equipment and Documentation","106. RUNNER WIRE WINCH DRUM & BRAKE","Check wire properly reeled, electric motor to be ex. proof, cabling connection box, hydraulic motor no leakages, condition of brake and engagement mechanism",,,"Tanker only",,"Form D 062 Vessel Inspection Report (2).md:749",D-062|c8|51ed7b6198f2
D-062,8,"Cargo And Ballast System (petroleum)","Cargo And Ballast System (petroleum)","Cargo Gear Equipment and Documentation","107. RUNNER WIRE, SHEAVES AND TACKLES (Condition, regularly greased).",,,,"Tanker only",,"Form D 062 Vessel Inspection Report (2).md:750",D-062|c8|24c849106ca2
D-062,8,"Cargo And Ballast System (petroleum)","Cargo And Ballast System (petroleum)","Cargo Gear Equipment and Documentation","108. TOPPING LIFT WINCH DRUM AND BRAKE","Check wire properly reeled, electric motor to be ex. 7. proof, cabling connection box, hydraulic motor no leakages, condition of brake and engagement mechanism, additional locking pins or ratchet securing mechanism",,,"Tanker only",,"Form D 062 Vessel Inspection Report (2).md:751",D-062|c8|89cd413d1174
D-062,8,"Cargo And Ballast System (petroleum)","Cargo And Ballast System (petroleum)","Cargo Gear Equipment and Documentation","109. HYDRAULIC CRANE CYLINDER, WIRE, TACKLES AND BLOCKS & HOOKS (Condition, regularly greased, marked with id & SWL).",,,,"Tanker only",,"Form D 062 Vessel Inspection Report (2).md:752",D-062|c8|01a35eb8a0ce
D-062,8,"Cargo And Ballast System (petroleum)","Cargo And Ballast System (petroleum)","Cargo Gear Equipment and Documentation","110. SLEWING MECHANISM (check slewing gear, pinion motor).",,,,"Tanker only",,"Form D 062 Vessel Inspection Report (2).md:753",D-062|c8|82f3baa4bcc6
D-062,8,"Cargo And Ballast System (petroleum)","Cargo And Ballast System (petroleum)","Cargo Gear Equipment and Documentation","111. CONTROL POSITION","Control valves/levers, no leakages, platform & railingS in order",,,"Tanker only",,"Form D 062 Vessel Inspection Report (2).md:754",D-062|c8|e439de7a4888
D-062,8,"Cargo And Ballast System (petroleum)","Cargo And Ballast System (petroleum)","Cargo Gear Equipment and Documentation","112. IS THERE SAFE ACCESS FOR CRANE OR WINCH DRIVERS?",,,,"Tanker only",,"Form D 062 Vessel Inspection Report (2).md:755",D-062|c8|9d6dfb727f9f
D-062,8,"Cargo And Ballast System (petroleum)","Cargo And Ballast System (petroleum)","Cargo Gear Equipment and Documentation","113. LIMIT SWITCHES (Operational).",,,,"Tanker only",,"Form D 062 Vessel Inspection Report (2).md:756",D-062|c8|9bd293242f32
D-062,8,"Cargo And Ballast System (petroleum)","Cargo And Ballast System (petroleum)","Cargo Gear Equipment and Documentation","114. CARGO GEAR REGISTER/BOOK INSPECTIONS AND LOAD TESTS (Check entries, load test attestations available).",,,,"Tanker only",,"Form D 062 Vessel Inspection Report (2).md:757",D-062|c8|e04d89d91e2a
D-062,8,"Cargo And Ballast System (petroleum)","Cargo And Ballast System (petroleum)","Cargo Gear Equipment and Documentation","115. WIRES CERTIFICATES & INVENTORY","Certificates valid. Compare inventory with actual number and position of wires and ropes",,,"Tanker only",,"Form D 062 Vessel Inspection Report (2).md:758",D-062|c8|064ee5b92e45
D-062,8,"Cargo And Ballast System (petroleum)","Cargo And Ballast System (petroleum)","Cargo Gear Equipment and Documentation","116. PORTABLE CARGO GEAR (BLOCKS, TACKLES, SLINGS, ETC.) CERTIFICATES & MAINTENANCE PROGRAM","Certificates valid, check maintenance records for testing/greasing/ inspections",,,"Tanker only",,"Form D 062 Vessel Inspection Report (2).md:759",D-062|c8|50d2b9b5636f
D-062,9,Mooring,Mooring,"Mooring & Anchoring Equipment","1. WINDLASSES","Check foundation, chain hawsers and deck covers, chain wheels, gear wheels & their protective covers, chain locking bars, chain securing wires, chain locker leading pipes for corrosion, deformation, fractures, wear",,,"All vessel types",,"Form D 062 Vessel Inspection Report (2).md:772",D-062|c9|891208566148
D-062,9,Mooring,Mooring,"Mooring & Anchoring Equipment","2. WINCHES AND CAPSTANS","Check foundation, gearwheels and their protective covers for corrosion, deformation fractures, wear",,,"All vessel types",,"Form D 062 Vessel Inspection Report (2).md:773",D-062|c9|1742e6b5b498
D-062,9,Mooring,Mooring,"Mooring & Anchoring Equipment","3. WINDLASS AND WINCH BRAKES Brake last maintenance date: ………………... Brake bands last replacement date: ………………………….","Brake linings, correctly tightened, tightening marks set from brake test, brake levers, pins, threads, couplings greased, ropes & wires reeled in correct direction (tightening the brake), wires secured by the brakes, winches not powered up",date,"3. WINDLASS AND WINCH BRAKES Brake last maintenance date","All vessel types",,"Form D 062 Vessel Inspection Report (2).md:774",D-062|c9|f5fdc41a537a
D-062,9,Mooring,Mooring,"Mooring & Anchoring Equipment","4. WINCH BRAKE TEST EQUIPMENT AND ANNUAL TEST RECORDS (Check equipment condition and test records annually)",,,,"All vessel types",,"Form D 062 Vessel Inspection Report (2).md:775",D-062|c9|ee43624732ad
D-062,9,Mooring,Mooring,"Mooring & Anchoring Equipment","5. HYDRAULIC POWER UNITS & MOTORS","No leakages, oil level, motors & high-pressure hoses protected, adequate number of spares and fire protection in power unit spaces, electric motors with IP55 and above for water protection",,,"All vessel types",,"Form D 062 Vessel Inspection Report (2).md:776",D-062|c9|797daba6a9f8
D-062,9,Mooring,Mooring,"Mooring & Anchoring Equipment","6. BITTER END SECURING ARRANGEMENTS","Outside chain locker, marked, unobstructed, corrosion condition",,,"All vessel types",,"Form D 062 Vessel Inspection Report (2).md:777",D-062|c9|e92767af1a5d
D-062,9,Mooring,Mooring,"Mooring & Anchoring Equipment","7. WINDLASSES, ANCHORS, LOCKING BARS, CHAINS, CABLES AND STOPPERS, SPARE ANCHORS, CHAIN LOCKERS, SHACKLES","In order, operating effectively, ready for use. Anchor securing arrangements (cable stoppers etc.), shackle marks, securing chains, devil ’s claw, Smit type bracket & mooring chain, indication of shackles paid out. Chain locker doors securely battened down, marked and outside the chain locker. Locking bars should be function correctly by locking the chain when vessel is at anchor to prevent the brake having to take the full load of the cable",,,"All vessel types",,"Form D 062 Vessel Inspection Report (2).md:778",D-062|c9|e40ef0490eb9
D-062,9,Mooring,Mooring,"Mooring & Anchoring Equipment","8. HYDRAULIC BOW STOPPER (Safeguards to prevent accidental release).",,,,"All vessel types",,"Form D 062 Vessel Inspection Report (2).md:779",D-062|c9|8ec6c9270393
D-062,9,Mooring,Mooring,"Mooring & Anchoring Equipment","9. MOORING ROPES & WIRES","Inspect wear condition, Certificates, inspection records. Check correct reeling on drums and stowage in stores. Polypropylene ropes are not recommended. If used, tails shall be made of a material with a high breaking strength such as braided or plaited nylon, or high modulus synthetic fibre rope. The size of rope shall ensure that the tail has a dry breaking strength>125% of associated wire. Nylon tails should have strength>137% than the associated wire to allow for the reduction in wet strength. Mooring ropes & wires leading to the same direction not mixed, always of the same material & length",,,"All vessel types",escaped_comparison_operator,"Form D 062 Vessel Inspection Report (2).md:780",D-062|c9|4604c919cc04
D-062,9,Mooring,Mooring,"Mooring & Anchoring Equipment","10. MOORINGS SATISFACTORILY DEPLOYED & TENDED. MOORING LINES SECURED TO BITTS & TURNED UP CORRECTLY TO WINCH DRUMS","The recommended method of turning a rope up on bitts is to take 1-2 full turns around the leading post before ‘figure-of-eighting’. The reason for this is to reduce the tendency to pull the two posts together. Mooring lines must not be secured to winch warping drums",,,"All vessel types",,"Form D 062 Vessel Inspection Report (2).md:781",D-062|c9|03e3f9d508af
D-062,9,Mooring,Mooring,"Mooring & Anchoring Equipment","11. ALL POWERED MOORING LINES: 1. Secured on brakes and the winches are out of gear. 2.Correctly reeled on drums.","A band brake is designed to work in one direction only, so the line must always be reeled correctly on drum. The line is properly reeled if it is pulling against the fixed end of the brake strap. Disc brakes work equally well in either direction",,,"All vessel types",,"Form D 062 Vessel Inspection Report (2).md:782",D-062|c9|5099465830fa
D-062,9,Mooring,Mooring,"Mooring & Anchoring Equipment","12. MOORING FITTINGS, BITTS, BOLLARDS, CHOCKS, PEDESTAL ROLLERS, CLOSED CHOCKS, UNIVERSAL ROLLER LEADS, CHAIN STOPPERS & MOORING WINCHES","SWL marked, Certificates available, freely turning and greased, no fractures, deformations or grooves",,,"All vessel types",,"Form D 062 Vessel Inspection Report (2).md:783",D-062|c9|8bca9a5a3782
D-062,9,Mooring,Mooring,"Mooring & Anchoring Equipment","13. MOORING TAILS","Wear condition, correct fitting of connecting links. Tails replaced every 18 months",,,"All vessel types",,"Form D 062 Vessel Inspection Report (2).md:784",D-062|c9|33585de6734f
D-062,9,Mooring,Mooring,"Mooring & Anchoring Equipment","14. ON SPLIT DRUM WINCHES ALL LINES MADE FAST WITH NO MORE THAN ONE LAYER ON EACH TENSION SIDE OF DRUM","More than one layer increases the effective lever and reduces the brake holding capacity",,,"All vessel types",,"Form D 062 Vessel Inspection Report (2).md:795",D-062|c9|f8970841541e
D-062,9,Mooring,Mooring,"Mooring & Anchoring Equipment","15. MOORING LINES STOWED NEATLY TO MINIMISE TRIPPING HAZARDS AND MOORING AREAS CLEAR AND UNOBSTRUCTED",,,,"All vessel types",,"Form D 062 Vessel Inspection Report (2).md:796",D-062|c9|127604b9535b
D-062,9,Mooring,Mooring,"Mooring & Anchoring Equipment","16. MOORING WINCH, FOUNDATIONS, BRAKE LININGS, DRUMS, PINS, ETC.","Check condition of cheek plates, hinge pins and their retaining devices and condition of the brake drum below the lining",,,"All vessel types",,"Form D 062 Vessel Inspection Report (2).md:797",D-062|c9|4519d1a12234
D-062,9,Mooring,Mooring,"Mooring & Anchoring Equipment","17. EXCEPT WHILST ALONGSIDE, WHEN LOCKING BARS SHOULD BE IN PLACE, ARE ANCHORS CLEARED AND READY FOR USE DURING PORT ENTRY?","Whilst moored alongside, anchors not in use shall be secured by brake and guillotine",,,"All vessel types",,"Form D 062 Vessel Inspection Report (2).md:798",D-062|c9|d737b43716f3
D-062,9,Mooring,Mooring,"Mooring & Anchoring Equipment","18. IF MOORING TAILS ARE FITTED TO WIRES, DO THEY HAVE PROPER CONNECTING LINKS & ARE THEY CORRECTLY FITTED?","Connecting links are Tonsberg, Mandal or Boss shackles. Tonsberg have a straight pin and the tail should be connected to it. Mandal has a curved roller and the wire should be connected to it. Boss shackles are available in both versions",,,"All vessel types",,"Form D 062 Vessel Inspection Report (2).md:799",D-062|c9|79362a3b27a5
D-062,9,Mooring,Mooring,"Mooring & Anchoring Equipment","19. EMERGENCY TOWING-OFF WIRES (FIRE WIRES) OF APPROPRIATE SIZE, IN SATISFACTORY CONDITION & CONFORM TO OCIMF RECOMMENDATIONS","Fire wires should be steel wire lines of 6 x 36 construction. Use of synthetic or natural fibre ropes is not permitted. The recommended sizes of fire wires are: a. Less than 20,000 dwt: 30 tonnes MBL, 25 m in length; b. 20,000 – 100,000 dwt: 50 tonnes MBL, 45 m in length; c. 100,000 – 300,000 dwt: 90 tonnes MBL, 60 m in length; d. 300,000 + dwt 110 tonnes MBL, 70 m in length",,,"All vessel types",struck_through_partial_review,"Form D 062 Vessel Inspection Report (2).md:800",D-062|c9|1d1a418b3ef5
D-062,9,Mooring,Mooring,"Mooring & Anchoring Equipment","20. EMERGENCY TOWING ARRANGEMENTS (ETA) (Available for deployment fwd & aft. Condition, maintenance records, Class approved, Review of line handling procedures -passing and receiving messenger lines, towlines, bridles- and of the layout structural adequacy and safe working loads of connection points fairleads chocks, winches, bitts, bollards. For tankers constructed on or after 1/7/02: Arrangements capable of rapid deployment in absence of main power on ship to be towed and easy connection to towing ship. At least one ETA pre-rigged ready for deployment, and ETAs at both ends of adequate strength. For tankers constructed before 1/7/02: Design & construction approved by administration. The aft ETA to be pre-rigged/capable of deployed by 1 person in 15 minutes. The fwd ETA capable of deployed in 1 hour. It is unlikely that a length of chain could be retrieved within the time limit if stored in F’cle. Fwd ETAs which comply with requirements for aft ETAs are accepted. All ETAs marked to facilitate use in darkness. All em. towing components regularly inspected by crew. Once the system has been deployed the watertight integrity of adjacent spaces to be maintained. The prime ETA may be fitted either fwd or aft.",,,,"All vessel types",unbalanced_parenthesis,"Form D 062 Vessel Inspection Report (2).md:801",D-062|c9|e936c59bee32
D-062,9,Mooring,Mooring,"Mooring & Anchoring Equipment","21. PEDESTAL FAIRLEADS, ROLLER FAIRLEADS AND OTHER ROLLERS WELL GREASED AND FREE TO TURN. BITTS AND CHOCKS ARE FREE OF GROOVING","winch drums, chocks and fairleads must be smooth and free of rust and paint when using fibre ropes to avoid abrasion; roller leads should be kept lubricated and freely moving",,,"All vessel types",,"Form D 062 Vessel Inspection Report (2).md:802",D-062|c9|18ef97c94f74
D-062,9,Mooring,Mooring,"Mooring & Anchoring Equipment","22. IS SINGLE POINT MOORING (SPM) AND ASSOCIATED EQUIPMENT FITTED TO OCIMF RECOMMENDATIONS? Ships trading to SPM’s shall be equipped with bow chain stoppers designed to accept 76 mm chafe chain: a) Up to 150,000 tdw: 1 stopper 200 tonnes swl b) 150 to 350,000 tdw: 2 stoppers 200 tonnes swl c) Over 350,000 tdw: 2 stoppers 250 tonnes swl Stoppers shall be located 2.7-3.7 m inboard from bow fairlead and consideration should be given to the correct alignment of stoppers relative to the lead between bow fairlead, stopper, pedestal fairlead and winch drum or the warping drum of winch. A bow fairlead should measure at least 600 by 450 mm and be placed on the centre line. Two fairleads are recommended for ships over 150,000 tonnes dwt., spaced 2 m. centre to centre apart, but in no case more than 3 m).",,,,"All vessel types",parenthetical_not_trailing;struck_through_partial_review,"Form D 062 Vessel Inspection Report (2).md:811",D-062|c9|b6f135379063
D-062,9,Mooring,Mooring,"Mooring & Anchoring Equipment","23. IF THE VESSEL IS EQUIPPED FOR MOORING AT SPM, CAN THE PICK-UP CAN THE PICK-UP HAWSER BE LED TO A WINCH STORAGE DRUM RATHER THAN THE WARPING DRUM END AND WITHOUT USE OF ONE OR MORE PEDESTAL FAIRLEADS INVOLVING AN ACUTE ANGLE OF LEAD?","If the arrangement requires use of more than one pedestal roller to lead the hawser to winch storage drum, comment as to arrangement provided. Many SBM terminals require a (nearly) direct lead from bow fairlead through the bow stopper and either directly to a winch storage drum or round a single pedestal fairlead at a shallow angle to a winch storage drum. If a pedestal fairlead is utilised, it should be located>4.5 m aft of aft side of bow stopper and provide a (nearly) direct, lead to storage drum. Use of more than one pedestal fairlead, or if the angle of lead is excessive, may cause excess load to pedestal fairlead. If a winch storage drum is used to stow the pick-up rope, it shall be of sufficient size to accommodate 150 m. of 80 mm diam. rope",,,"All vessel types",escaped_comparison_operator,"Form D 062 Vessel Inspection Report (2).md:812",D-062|c9|40395eff9c96
D-062,9,Mooring,Mooring,"Mooring & Anchoring Equipment","24. IF THE VAPOUR RETURN MANIFOLDS ARE DESIGNED FOR USE AT SBM DO THEY COMPLY WITH REQUIREMENTS? (Vapour return system manifolds (VRSM) which are designed for use at SBM: a) Should be painted red/yellow/red; b) Should be supported to the same strength as the cargo manifolds; c) Hose rails at ship's side should be of the same strength and construction throughout their length, extend beyond the VRSM to permit use at SBMs and fitted with stopper plates at both the fwd & aft ends of hose rail; d) A closed chock should be fitted at the ship's side in line with the VRSM; e) A cruciform bollard should be fitted (nearly) in line with VRSM to allow securing of VRS hose hang-off chain; f) Two deck pad-eyes of size sufficient to secure 16"" floating hose should be provided, one to either side of line from the closed chock to VRSM; g) Means to thoroughly drain the VRSM should be provided at the lowest point in VRS line to avoid risk of liquid carry-over into the floating hose).",,,,"All vessel types",parenthetical_not_trailing;struck_through_partial_review,"Form D 062 Vessel Inspection Report (2).md:813",D-062|c9|8c70cd11dd0c
D-062,9,Mooring,Mooring,"Mooring & Anchoring Equipment","25. SNAP-BACK ZONES","All relevant dangerous areas to be properly identified and painted on deck in the vicinity of moorings deployment as per CSWP",,,"All vessel types",,"Form D 062 Vessel Inspection Report (2).md:814",D-062|c9|998a7ba448a7
D-062,9,Mooring,Mooring,"Mooring & Anchoring Equipment","26. ARE SUFFICIENT CLOSED FAIRLEADS AND MOORING BITTS PROVIDED FOR STS?","All fairleads used during STS transfer operations should be of an enclosed type, strong enough to take the anticipated mooring loads and large enough to allow the mooring line (plus any soft rope and tackle) to pass through. Full strength enclosed fairleads and bitts for spring lines need to be positioned no more than 35 m fwd & aft of cargo manifold. Tankers fitted with an array of mooring bitts of sufficient strength on each side of the ship. In addition, it is recommended that provision be made for securing fender lines",,,"All vessel types",,"Form D 062 Vessel Inspection Report (2).md:815",D-062|c9|d60b14c31daf
D-062,10,Communications,Communications,"Communication Equipment","1. GMDSS / INMARSAT-C /EGC STATION","Instructions for DSC operation in an emergency displayed. Radio /GMDSS Installations (Main, MF, MF/HF), tools & spare parts. GMDSS & other communication eq. antennae correctly installed",,,"All vessel types",,"Form D 062 Vessel Inspection Report (2).md:827",D-062|c10|d3850fa004f4
D-062,10,Communications,Communications,"Communication Equipment","2. VHF – DSC UNITS (Instructions for DSC operation in emergency displayed).",,,,"All vessel types",,"Form D 062 Vessel Inspection Report (2).md:828",D-062|c10|6349f0d1daaa
D-062,10,Communications,Communications,"Communication Equipment","3. HAND HELD EMERGENCY VHF UNITS","At least 3 two-way VHF for operation on 156.800 MHz (VHF ch. 16) and on at least one additional channel. Provision to operate the equipment using an external source of electrical energy. Equipment for which the source of energy is intended to be user-replaceable with a dedicated primary battery for use in distress. Battery equipped with a non-replaceable seal to indicate it has not been used. Check batteries expiry date",,,"All vessel types",,"Form D 062 Vessel Inspection Report (2).md:829",D-062|c10|b8d13ee536c9
D-062,10,Communications,Communications,"Communication Equipment","4. HAND HELD PORTABLE VHF FOR INTERNAL COMMUNICATIONS (Intrinsically safe and in good condition).",,,,"All vessel types",,"Form D 062 Vessel Inspection Report (2).md:830",D-062|c10|5ef74f07bb59
D-062,10,Communications,Communications,"Communication Equipment","5. RADIO EQUIPMENT FROM THE ABOVE TO BE USED IN EMERGENCY TOWING CASES FOR COMMUNICATION BETWEEN DECK, BRIDGE AND THE TOWING/SALVAGE SHIP (Identification)",,,,"All vessel types",,"Form D 062 Vessel Inspection Report (2).md:831",D-062|c10|35214609a8d3
D-062,10,Communications,Communications,"Communication Equipment","6. RADIO LOG BOOK","All tests/inspections carried out according to instructions at the beginning of the book",,,"All vessel types",,"Form D 062 Vessel Inspection Report (2).md:832",D-062|c10|9db3c1d52e0f
D-062,10,Communications,Communications,"Communication Equipment","7. GMDSS EMERGENCY BATTERIES (Check charge condition, charger).",,,,"All vessel types",,"Form D 062 Vessel Inspection Report (2).md:833",D-062|c10|b08887b86256
D-062,10,Communications,Communications,"Communication Equipment","8. SHORE BASED MAINTENANCE","Contract valid and last inspection/ maintenance report (annually). In sea areas A1 & A2, radio availability ensured by duplication of equipment or Shore based maintenance. The requirement for shore based maintenance does not infer there should necessarily be a contract but that maintenance should be carried out annually by a shore organisation or at-sea electronic maintenance capability or a combination of these as approved by the administration. In sea areas A3 & A4, the radio availability shall be ensured by using a combination of at least 2 of the above methods",,,"All vessel types",,"Form D 062 Vessel Inspection Report (2).md:834",D-062|c10|da829eee07f9
D-062,10,Communications,Communications,"Communication Equipment","9. SURVIVAL CRAFT PORTABLE VHF & SART’s IN ORDER/CHARGED?","At least one SART on each side of ship stowed in such locations that they can be rapidly placed in any survival craft (other than the fwd liferaft). On ships equipped with free-fall lifeboats, one SART stowed in the free-fall lifeboat & the other in vicinity of bridge, so that it can be ready to transfer to any other survival craft. Correctly located, battery expiry date",,,"All vessel types",,"Form D 062 Vessel Inspection Report (2).md:835",D-062|c10|36186cad3bb7
D-062,10,Communications,Communications,"Communication Equipment","10. FIRE DETECTION (Main control panel and alarm bells).",,,,"All vessel types",,"Form D 062 Vessel Inspection Report (2).md:836",D-062|c10|e76509b2d936
D-062,10,Communications,Communications,"Communication Equipment","11. EPIRB","Check structural condition, battery expiry date, self-test, securing arrangement, hydrostatic release unit, Certification",,,"All vessel types",,"Form D 062 Vessel Inspection Report (2).md:837",D-062|c10|a85e3ccb5409
D-062,10,Communications,Communications,"Communication Equipment","12. EMERGENCY BATTERIES & ROOM","Battery charger, check hydrometer, rubber mats in place, doors weathertight, lights approved gastight & switch outside, room identified, protective goggles & gloves, safety instructions posted",,,"All vessel types",,"Form D 062 Vessel Inspection Report (2).md:838",D-062|c10|f5caa67f224a
D-062,11,"Engine & Steering Compartments","Engine & Steering Compartments","E/R Administration, PMS / Documentation System","1. Oil Record Book to be confirmed in order.",,,,"All vessel types",,"Form D 062 Vessel Inspection Report (2).md:850",D-062|c11|a480fdb4d192
D-062,11,"Engine & Steering Compartments","Engine & Steering Compartments","E/R Administration, PMS / Documentation System","2. Procedures for Restarting Critical Equipment to be confirmed in order.",,,,"All vessel types",,"Form D 062 Vessel Inspection Report (2).md:851",D-062|c11|f1066ca18b8b
D-062,11,"Engine & Steering Compartments","Engine & Steering Compartments","E/R Administration, PMS / Documentation System","3. ECR to be verified clean, tidy and well organized",,,,"All vessel types",,"Form D 062 Vessel Inspection Report (2).md:852",D-062|c11|668bdef04a42
D-062,11,"Engine & Steering Compartments","Engine & Steering Compartments","E/R Administration, PMS / Documentation System","4. IS THE DEFECT REPORTING AND UNSCHEDULED WORK RECTIFICATION SYSTEM PROPERLY FOLLOWED UP?","Defect reporting and unscheduled maintenance system should comprise all mechanical failures reported by the vessel, identified during superintendents’ vists, and during 3rd party inspector visits, including CoC",,,"All vessel types",,"Form D 062 Vessel Inspection Report (2).md:853",D-062|c11|46c5e520af46
D-062,11,"Engine & Steering Compartments","Engine & Steering Compartments","E/R Administration, PMS / Documentation System","5. Implementation of Permit to work system and Risk Assessment to be verified. Relevant records to be reviewed.",,,,"All vessel types",,"Form D 062 Vessel Inspection Report (2).md:854",D-062|c11|eb559110285d
D-062,11,"Engine & Steering Compartments","Engine & Steering Compartments","E/R Administration, PMS / Documentation System","6. Compare vessel’s actual condition with conditions as reported from Vessel’s PMS. Comment if discrepancy exists.",,,,"All vessel types",,"Form D 062 Vessel Inspection Report (2).md:855",D-062|c11|7dcac4d7e0ca
D-062,11,"Engine & Steering Compartments","Engine & Steering Compartments","E/R Administration, PMS / Documentation System","7. PMS TO BE FOLLOWED","Any proposed repairs or overhauls should have a completion schedule, with critical spare parts, as well as rest spares, verified as being on board or on order; also, observed actual conditions should be in compliance with the PMS known records",,,"All vessel types",,"Form D 062 Vessel Inspection Report (2).md:856",D-062|c11|dd7383b41ac6
D-062,11,"Engine & Steering Compartments","Engine & Steering Compartments","E/R Administration, PMS / Documentation System","8. RECORDS OF MAINTENANCE WORK KEPT. VERIFICATION OF PENDING WORKS","defects, job orders and rest pending works reported by the vessel as completed",,,"All vessel types",,"Form D 062 Vessel Inspection Report (2).md:857",D-062|c11|e1648bdd33df
D-062,11,"Engine & Steering Compartments","Engine & Steering Compartments","E/R Administration, PMS / Documentation System","9. UNSCHEDULED WORK IS RECORDED IN PMS. VERIFICATION OF PENDING UNSCHEDULED WORKS","defects, job orders and rest pending works reported by the vessel as completed",,,"All vessel types",,"Form D 062 Vessel Inspection Report (2).md:858",D-062|c11|12b2e5e5feb8
D-062,11,"Engine & Steering Compartments","Engine & Steering Compartments","E/R Administration, PMS / Documentation System","10. DRYDOCK LIST & SPECIFICATIONS PRESENT ONBOARD / SENT TO OFFICE",,,,"All vessel types",,"Form D 062 Vessel Inspection Report (2).md:859",D-062|c11|02b3e7ce66dc
D-062,11,"Engine & Steering Compartments","Engine & Steering Compartments","E/R Administration, PMS / Documentation System","11. OUTSTANDING WORKS. VERIFICATION OF PENDING WORKS","defects, job orders and rest pending works reported by the vessel as completed",,,"All vessel types",,"Form D 062 Vessel Inspection Report (2).md:860",D-062|c11|ac0d322e74a1
D-062,11,"Engine & Steering Compartments","Engine & Steering Compartments","E/R Administration, PMS / Documentation System","12. CERTIFICATES, DRAWINGS & INSTRUCTION MANUALS AVAILABLE /UPDATED",,,,"All vessel types",,"Form D 062 Vessel Inspection Report (2).md:861",D-062|c11|a26c204233a8
D-062,11,"Engine & Steering Compartments","Engine & Steering Compartments","E/R Administration, PMS / Documentation System","13. PERSONNEL AWARE AND IMPLEMENTING PMS. To be verified that all responsible officers related with PMS operation and use are properly familiarized. Relevant TRAINING to be performed whenever is deemed necessary.",,,,"All vessel types",,"Form D 062 Vessel Inspection Report (2).md:862",D-062|c11|13135bc520ad
D-062,11,"Engine & Steering Compartments","Engine & Steering Compartments","E/R Administration, PMS / Documentation System","14. INVENTORY OF SPARE PARTS, CHEMICALS, LO. (Updated regularly).",,,,"All vessel types",,"Form D 062 Vessel Inspection Report (2).md:863",D-062|c11|271701131c61
D-062,11,"Engine & Steering Compartments","Engine & Steering Compartments","E/R Administration, PMS / Documentation System","15. CRITICAL EQUIPMENT MAINTENANCE, DE-ACTIVATION/ACTIVATION PROCEDURES","Check if procedures are implemented in case of every disarmament of critical equipment, for both planned and unplanned maintenance",,,"All vessel types",,"Form D 062 Vessel Inspection Report (2).md:864",D-062|c11|f4bee929ad67
D-062,11,"Engine & Steering Compartments","Engine & Steering Compartments","E/R Administration, PMS / Documentation System","16. BUNKER TRANSFER PROCEDURES AND POSTER","Check if implemented, records, statutory samples kept, posted instructions, etc",,,"All vessel types",,"Form D 062 Vessel Inspection Report (2).md:865",D-062|c11|2fb4b2d7e2af
D-062,11,"Engine & Steering Compartments","Engine & Steering Compartments","E/R Administration, PMS / Documentation System","17. E/R LOGBOOK (Properly kept, in ink, check entries).",,,,"All vessel types",,"Form D 062 Vessel Inspection Report (2).md:866",D-062|c11|50070c7f6cd7
D-062,11,"Engine & Steering Compartments","Engine & Steering Compartments","E/R Administration, PMS / Documentation System","18. C/E STANDING ORDERS/NIGHT ORDERS (Countersigned by the Officers).",,,,"All vessel types",,"Form D 062 Vessel Inspection Report (2).md:867",D-062|c11|10d89013b7bf
D-062,11,"Engine & Steering Compartments","Engine & Steering Compartments","E/R Administration, PMS / Documentation System","19. IMPORTANT INSTRUCTIONS AND NOTICES POSTED",,,,"All vessel types",,"Form D 062 Vessel Inspection Report (2).md:868",D-062|c11|7e1f17653b17
D-062,11,"Engine & Steering Compartments","Engine & Steering Compartments","E/R Administration, PMS / Documentation System","20. SAFE WORKING PRACTICES & PERMIT ISSUANCE SYSTEM","Ensure crew awareness and verify by physical checking of issued permits and rest available documentation",,,"All vessel types",,"Form D 062 Vessel Inspection Report (2).md:869",D-062|c11|6499aafffd6e
D-062,11,"Engine & Steering Compartments","Engine & Steering Compartments","E/R Administration, PMS / Documentation System","21. ENGINEERING PRACTICES & E/R MANAGEMENT SYSTEM","Ensure proper implementation of E/R manning standards for both UMS and non-UMS plant operation; also check professionalism of E/R crew and identify any training needs, incl. ability for proper watch-keeping, preparation of refit specifications, and PMS handling abilities",,,"All vessel types",,"Form D 062 Vessel Inspection Report (2).md:870",D-062|c11|39e9948966e8
D-062,11,"Engine & Steering Compartments","Engine & Steering Compartments","E/R Condition, Main Engine & Auxiliary D/Gs","22. Purifier Room to be verified if Clean/Tidy & free from leakages",,,,"All vessel types",,"Form D 062 Vessel Inspection Report (2).md:872",D-062|c11|cff1e9ac3799
D-062,11,"Engine & Steering Compartments","Engine & Steering Compartments","E/R Condition, Main Engine & Auxiliary D/Gs","23. S/G Room to be verified if Clean/Tidy & free from leakages, drums & loose equipment to be verified securely lashed.",,,,"All vessel types",,"Form D 062 Vessel Inspection Report (2).md:873",D-062|c11|26f1fd366fe4
D-062,11,"Engine & Steering Compartments","Engine & Steering Compartments","E/R Condition, Main Engine & Auxiliary D/Gs","24. Spare Pipes, Lengths of steel, oil drums and gas bottles to be securely lashed",,,,"All vessel types",,"Form D 062 Vessel Inspection Report (2).md:874",D-062|c11|a11b8c6f6e43
D-062,11,"Engine & Steering Compartments","Engine & Steering Compartments","E/R Condition, Main Engine & Auxiliary D/Gs","25. E/R Escape ways & doors to be clear of obstructions & doors closed with self closing devices operational.",,,,"All vessel types",,"Form D 062 Vessel Inspection Report (2).md:875",D-062|c11|5b0d943f33ba
D-062,11,"Engine & Steering Compartments","Engine & Steering Compartments","E/R Condition, Main Engine & Auxiliary D/Gs","26. Bottom Tanks Sounding Pipes Self Closing Devices to be in good order",,,,"All vessel types",,"Form D 062 Vessel Inspection Report (2).md:876",D-062|c11|f0a8e7dd8723
D-062,11,"Engine & Steering Compartments","Engine & Steering Compartments","E/R Condition, Main Engine & Auxiliary D/Gs","27. Engine Room Bilges to be verified Clean & Dry. Bilge Level Alarms to be tested.",,,,"All vessel types",,"Form D 062 Vessel Inspection Report (2).md:877",D-062|c11|9579d60e4af5
D-062,11,"Engine & Steering Compartments","Engine & Steering Compartments","E/R Condition, Main Engine & Auxiliary D/Gs","28. Overboard Valves to be confirmed locked.",,,,"All vessel types",,"Form D 062 Vessel Inspection Report (2).md:878",D-062|c11|267590159534
D-062,11,"Engine & Steering Compartments","Engine & Steering Compartments","E/R Condition, Main Engine & Auxiliary D/Gs","29. E/R Lighting to be noted if clear and free of damages.",,,,"All vessel types",,"Form D 062 Vessel Inspection Report (2).md:879",D-062|c11|8bdb347f96b3
D-062,11,"Engine & Steering Compartments","Engine & Steering Compartments","E/R Condition, Main Engine & Auxiliary D/Gs","30. GENERAL APPEARANCE","Cleanliness, leakages, loose items, tin cans, missing covers, missing insulation, uptake/cladding, leaks, abnormal sound, etc",,,"All vessel types",,"Form D 062 Vessel Inspection Report (2).md:889",D-062|c11|bbbade8418c9
D-062,11,"Engine & Steering Compartments","Engine & Steering Compartments","E/R Condition, Main Engine & Auxiliary D/Gs","31. CRANKCASE SPACE","Crankcase doors gaskets and bolts, relief valves, cleanliness especially in bottom area, vent. system unblocked, no moisture",,,"All vessel types",,"Form D 062 Vessel Inspection Report (2).md:890",D-062|c11|e8d5812017ee
D-062,11,"Engine & Steering Compartments","Engine & Steering Compartments","E/R Condition, Main Engine & Auxiliary D/Gs","32. SCAVENGE TRUNK / DRAINS / INSPECTION OF CYLINDERS THROUGH INSP. DOORS","Cleanliness of scavenge space, condition of liner inlet slots, condition of piston rings and grooves through inspection doors",,,"All vessel types",,"Form D 062 Vessel Inspection Report (2).md:891",D-062|c11|ea4ec16f017d
D-062,11,"Engine & Steering Compartments","Engine & Steering Compartments","E/R Condition, Main Engine & Auxiliary D/Gs","33. CYLINDER COVERS","Check attachments like staring valve, fuel valves, indicator cocks, safety valves, connecting pipes, cleanliness",,,"All vessel types",,"Form D 062 Vessel Inspection Report (2).md:892",D-062|c11|da1c97f67a72
D-062,11,"Engine & Steering Compartments","Engine & Steering Compartments","E/R Condition, Main Engine & Auxiliary D/Gs","34. EXHAUST VALVES (Check according to manufacturer’s instructions).",,,,"All vessel types",,"Form D 062 Vessel Inspection Report (2).md:893",D-062|c11|a088432b97cd
D-062,11,"Engine & Steering Compartments","Engine & Steering Compartments","E/R Condition, Main Engine & Auxiliary D/Gs","35. SCAVENGING VALVES (Check they are sealing properly and no light passing). PISTONS AND CYLINDER LINERS (Clearance measurements to be attached if items inspected. If inspection impossible, check measurements file and running hours in PMS. Check condition/ availability/stowage of spares). CONNECTING RODS","Check last overhaul, running hours, last clearance and ovality measurements",,,"All vessel types",,"Form D 062 Vessel Inspection Report (2).md:894",D-062|c11|65e92b9d6c90
D-062,11,"Engine & Steering Compartments","Engine & Steering Compartments","E/R Condition, Main Engine & Auxiliary D/Gs","36. PISTON RODS & CROSSHEADS CRANKSHAFT DEFLECTION MEASUREMENT","Check reports, compare with manufacturers recommended limits, check availability, stowage and condition of the calibration clock, ensure measurements are taken at the correct manufacturer markings. Ensure condition of vessel (trim, loaded, etc.) is reported in PMS form",,,"All vessel types",,"Form D 062 Vessel Inspection Report (2).md:895",D-062|c11|86adf795dd43
D-062,11,"Engine & Steering Compartments","Engine & Steering Compartments","E/R Condition, Main Engine & Auxiliary D/Gs","37. CRANKSHAFT BEARINGS","Check last bearing inspection report, bearing surfaces (if possible) and clearances reports",,,"All vessel types",,"Form D 062 Vessel Inspection Report (2).md:896",D-062|c11|9dac9471ebc0
D-062,11,"Engine & Steering Compartments","Engine & Steering Compartments","E/R Condition, Main Engine & Auxiliary D/Gs","38. CROSS HEAD BEARINGS","Check last clearance report. Check in situ if possible, oil feed pipes, presence of metallic particles. Check availability and stowage of spares",,,"All vessel types",,"Form D 062 Vessel Inspection Report (2).md:897",D-062|c11|d4fac33c49c3
D-062,11,"Engine & Steering Compartments","Engine & Steering Compartments","E/R Condition, Main Engine & Auxiliary D/Gs","39. THRUST BEARING (Check last clearance report, visual inspection if possible).",,,,"All vessel types",,"Form D 062 Vessel Inspection Report (2).md:898",D-062|c11|c7be874d3d3c
D-062,11,"Engine & Steering Compartments","Engine & Steering Compartments","E/R Condition, Main Engine & Auxiliary D/Gs","40. STERN GLAND (No oil leakages).",,,,"All vessel types",,"Form D 062 Vessel Inspection Report (2).md:899",D-062|c11|5c516e183a14
D-062,11,"Engine & Steering Compartments","Engine & Steering Compartments","E/R Condition, Main Engine & Auxiliary D/Gs","41. FOUNDATION BOLTS (Hammer test or torque wrench test).",,,,"All vessel types",,"Form D 062 Vessel Inspection Report (2).md:900",D-062|c11|9029adad7ab6
D-062,11,"Engine & Steering Compartments","Engine & Steering Compartments","E/R Condition, Main Engine & Auxiliary D/Gs","42. LUBRICATION SYSTEM (Check pressure is correct, no leakages)",,,,"All vessel types",,"Form D 062 Vessel Inspection Report (2).md:901",D-062|c11|bc87bac77e3c
D-062,11,"Engine & Steering Compartments","Engine & Steering Compartments","E/R Condition, Main Engine & Auxiliary D/Gs","43. FUEL PUMPS (Check calibration records, no leakages).",,,,"All vessel types",,"Form D 062 Vessel Inspection Report (2).md:902",D-062|c11|de92c0b9cfe3
D-062,11,"Engine & Steering Compartments","Engine & Steering Compartments","E/R Condition, Main Engine & Auxiliary D/Gs","44. PROTECTION OF HOT SURFACES AGAINST OIL LEAKAGE/SPRAY","i.e. diesel engine exhausts and other hot surfaces in vicinity of fuel, DO, LO and hydraulic oil pipes. Fuel pipe connections must be screened to avoid oil leakage and spray. Hot surfaces (> 220 0C) which may be impinged as a result of leak from oil system failure must be insulated in the vicinity of high pressure oil pipes. Precautions to prevent oil that may escape under pressure from any pump, filter or heater from coming in contact with heated surfaces",,,"All vessel types",escaped_comparison_operator,"Form D 062 Vessel Inspection Report (2).md:903",D-062|c11|fa96aa81dbba
D-062,11,"Engine & Steering Compartments","Engine & Steering Compartments","E/R Condition, Main Engine & Auxiliary D/Gs","45. HIGH PRESSURE F.O. PIPES DOUBLE WALL SYSTEM AND LEAKAGE ALARM","External high pressure fuel delivery lines between the high pressure fuel pumps and fuel injectors shall be protected with a jacketed piping system. The jacketed piping system shall include a means for collection of leakages and an alarm of a fuel line failure. Check alarm, no leakages",,,"All vessel types",,"Form D 062 Vessel Inspection Report (2).md:904",D-062|c11|89458e759a0c
D-062,11,"Engine & Steering Compartments","Engine & Steering Compartments","E/R Condition, Main Engine & Auxiliary D/Gs","46. GOVERNOR AND FUEL PUMP RACKS ADJUSTMENT SYSTEM","Check records of last overhaul and last lub. oil change. Check transmission rods, pins, etc. for excessive clearances",,,"All vessel types",,"Form D 062 Vessel Inspection Report (2).md:905",D-062|c11|2fdbe4293aef
D-062,11,"Engine & Steering Compartments","Engine & Steering Compartments","E/R Condition, Main Engine & Auxiliary D/Gs","47. M/E TURBOCHARGERS","Check oil level, air filter, E/R logbook & PMS forms for operational data, last cleaning date, last overhaul date and inspection report",,,"All vessel types",,"Form D 062 Vessel Inspection Report (2).md:906",D-062|c11|ef7c804fbb4c
D-062,11,"Engine & Steering Compartments","Engine & Steering Compartments","E/R Condition, Main Engine & Auxiliary D/Gs","48. M/E ELECTRIC BLOWERS",,,,"All vessel types",,"Form D 062 Vessel Inspection Report (2).md:907",D-062|c11|7c3df4b0bff5
D-062,11,"Engine & Steering Compartments","Engine & Steering Compartments","E/R Condition, Main Engine & Auxiliary D/Gs","49. M/E GAUGES, SENSORS AND TRANSMITTERS",,,,"All vessel types",,"Form D 062 Vessel Inspection Report (2).md:908",D-062|c11|6115e28b40cd
D-062,11,"Engine & Steering Compartments","Engine & Steering Compartments","E/R Condition, Main Engine & Auxiliary D/Gs","50. M/E, D/Gs PROTECTIVE DEVICES","Test LO, FW, temperature and pressure alarms and trips, if possible. Check test records in PMS and E/R logbook",,,"All vessel types",,"Form D 062 Vessel Inspection Report (2).md:909",D-062|c11|307841e71d71
D-062,11,"Engine & Steering Compartments","Engine & Steering Compartments","E/R Condition, Main Engine & Auxiliary D/Gs","51. M/E BEARING TEMPERATURE MONITORS OR CRANKCASE OIL MIST DETECTOR","Internal combustion engines>2,250 KW or having cylinders of more than 300 mm bore to be provided with crankcase oil mist detectors or engine bearing temperature monitors or equivalent. Test of the detector alarm either electronically or by removing a cover and blocking the sensor path. Check operation, last test and last overhaul",,,"All vessel types",escaped_comparison_operator,"Form D 062 Vessel Inspection Report (2).md:910",D-062|c11|a43353f7bdb0
D-062,11,"Engine & Steering Compartments","Engine & Steering Compartments","E/R Condition, Main Engine & Auxiliary D/Gs","52. M/E AIR COOLERS","Check condition of covers & external body, S.W. piping & valves for corrosion. Check temperature gauges & pressure tubes. Check PMS for last cleaning/overhaul/last change of zinc rounds. Check E/R logbook for temperature & pressure drop entries",,,"All vessel types",,"Form D 062 Vessel Inspection Report (2).md:911",D-062|c11|4015f9c225e3
D-062,11,"Engine & Steering Compartments","Engine & Steering Compartments","E/R Condition, Main Engine & Auxiliary D/Gs","53. EXHAUST PIPING (Check insulation, no exhaust gas leakage).",,,,"All vessel types",,"Form D 062 Vessel Inspection Report (2).md:912",D-062|c11|27e3b8871eac
D-062,11,"Engine & Steering Compartments","Engine & Steering Compartments","E/R Condition, Main Engine & Auxiliary D/Gs","54. COOLING WATER AND LO ANALYSIS","Check records and frequency as per PMS. Check correct sampling points as per manufactuter’s instructions",,,"All vessel types",,"Form D 062 Vessel Inspection Report (2).md:922",D-062|c11|fc9a56194fc5
D-062,11,"Engine & Steering Compartments","Engine & Steering Compartments","E/R Condition, Main Engine & Auxiliary D/Gs","55. BRIDGE – E/R CONTROL CHANGE OVER SYSTEM","Verify correct operation and that engineers are familiar with this operation",,,"All vessel types",,"Form D 062 Vessel Inspection Report (2).md:923",D-062|c11|6f1fba227449
D-062,11,"Engine & Steering Compartments","Engine & Steering Compartments","E/R Condition, Main Engine & Auxiliary D/Gs","56. PMS: RECORDS OF MEASUREMENTS, CLEARANCES AND OPERATIONAL DATA",,,,"All vessel types",,"Form D 062 Vessel Inspection Report (2).md:924",D-062|c11|6fcabea7b5aa
D-062,11,"Engine & Steering Compartments","Engine & Steering Compartments","Auxiliary Oil-Fired Boilers & Exhaust Gas Boiler","57. BOILERS, INCLUDING WASTE HEAT & DOMESTIC BOILERS","Where fitted with automated boilers, they should be operated in automatic mode. Boiler controls should not be overridden or by-passed",,,"All vessel types",,"Form D 062 Vessel Inspection Report (2).md:926",D-062|c11|0876dc4c043a
D-062,11,"Engine & Steering Compartments","Engine & Steering Compartments","Auxiliary Oil-Fired Boilers & Exhaust Gas Boiler","58. EXTERNAL CONDITION","Cleanliness, steam and water leakage from pipes, valves, inspection access holes, insulation condition",,,"All vessel types",,"Form D 062 Vessel Inspection Report (2).md:927",D-062|c11|0121448d0ac7
D-062,11,"Engine & Steering Compartments","Engine & Steering Compartments","Auxiliary Oil-Fired Boilers & Exhaust Gas Boiler","59. URNACE CONDITION (Check walls condition and tubes for leakages).",,,,"All vessel types",,"Form D 062 Vessel Inspection Report (2).md:928",D-062|c11|23531d7b92fb
D-062,11,"Engine & Steering Compartments","Engine & Steering Compartments","Auxiliary Oil-Fired Boilers & Exhaust Gas Boiler","60. BURNER CONDITION","Check fuel supply valves, piping and spill tray, primary and secondary air supply fins and fan, pilot burner system, flame photocell sensor",,,"All vessel types",,"Form D 062 Vessel Inspection Report (2).md:929",D-062|c11|f53402c88daf
D-062,11,"Engine & Steering Compartments","Engine & Steering Compartments","Auxiliary Oil-Fired Boilers & Exhaust Gas Boiler","61. SAFETY VALVES","Condition, remote actuation wires, last overhaul, settings and test records in the presence of Class surveyor",,,"All vessel types",,"Form D 062 Vessel Inspection Report (2).md:930",D-062|c11|0c3504500c3f
D-062,11,"Engine & Steering Compartments","Engine & Steering Compartments","Auxiliary Oil-Fired Boilers & Exhaust Gas Boiler","62. GLASS LEVEL GAUGES","Condition, cleanliness, remote operated isolation valves, illumination, water level",,,"All vessel types",,"Form D 062 Vessel Inspection Report (2).md:931",D-062|c11|3dc58988776b
D-062,11,"Engine & Steering Compartments","Engine & Steering Compartments","Auxiliary Oil-Fired Boilers & Exhaust Gas Boiler","63. PROTECTIVE DEVICES","Check switchboard and records of last test in the presence of Class surveyor. Conduct low level trip if possible. Where boilers are fitted with automatic operation control system they must be operated in automatic mode. Boiler controls should not be overridden or by-passed",,,"All vessel types",,"Form D 062 Vessel Inspection Report (2).md:932",D-062|c11|b21bd1e1c37d
D-062,11,"Engine & Steering Compartments","Engine & Steering Compartments","Auxiliary Oil-Fired Boilers & Exhaust Gas Boiler","64. PROTECTION OF HOT SURFACES AGAINST OIL LEAKAGE","Fuel pipe connections must be screened to avoid oil leakage and spray. Hot surfaces (> 220 0C) must be insulated in the vicinity of high pressure oil pipes",,,"All vessel types",escaped_comparison_operator,"Form D 062 Vessel Inspection Report (2).md:933",D-062|c11|76e9d19e8d2b
D-062,11,"Engine & Steering Compartments","Engine & Steering Compartments","Auxiliary Oil-Fired Boilers & Exhaust Gas Boiler","65. SOOT BLOWER",,,,"All vessel types",,"Form D 062 Vessel Inspection Report (2).md:934",D-062|c11|9473de0bc943
D-062,11,"Engine & Steering Compartments","Engine & Steering Compartments","Auxiliary Oil-Fired Boilers & Exhaust Gas Boiler","66. BOILER WATER ANALYSIS (Check records & chemical dosing system operation).",,,,"All vessel types",,"Form D 062 Vessel Inspection Report (2).md:935",D-062|c11|c6040c267366
D-062,11,"Engine & Steering Compartments","Engine & Steering Compartments","Auxiliary Oil-Fired Boilers & Exhaust Gas Boiler","67. REGULAR TESTING (Check that weekly tests are properly recorded).",,,,"All vessel types",,"Form D 062 Vessel Inspection Report (2).md:936",D-062|c11|07717beb415a
D-062,11,"Engine & Steering Compartments","Engine & Steering Compartments","Auxiliary Oil-Fired Boilers & Exhaust Gas Boiler","68. EXTERNAL CONDITION","Cleanliness, steam & water leakage from pipes, valves, inspection access holes, insulation condition. Check last date of cleaning",,,"All vessel types",,"Form D 062 Vessel Inspection Report (2).md:937",D-062|c11|a3db766a556f
D-062,11,"Engine & Steering Compartments","Engine & Steering Compartments","Auxiliary Oil-Fired Boilers & Exhaust Gas Boiler","69. TUBES CONDITION","Check tubes for leakages, last inspection and chemical cleaning",,,"All vessel types",,"Form D 062 Vessel Inspection Report (2).md:938",D-062|c11|927ba7381cf2
D-062,11,"Engine & Steering Compartments","Engine & Steering Compartments","Auxiliary Oil-Fired Boilers & Exhaust Gas Boiler","70. SAFETY VALVES","Condition, remote actuation wires, last overhaul, setting and test records in the presence of Class surveyor",,,"All vessel types",,"Form D 062 Vessel Inspection Report (2).md:939",D-062|c11|2b4ccdad9046
D-062,11,"Engine & Steering Compartments","Engine & Steering Compartments","Auxiliary Oil-Fired Boilers & Exhaust Gas Boiler","71. GLASS LEVEL GAUGES","Condition, cleanliness, remote operated isolation valves, illumination, water level",,,"All vessel types",,"Form D 062 Vessel Inspection Report (2).md:940",D-062|c11|b441a43535f6
D-062,11,"Engine & Steering Compartments","Engine & Steering Compartments","Auxiliary Oil-Fired Boilers & Exhaust Gas Boiler","72. SOOT BLOWER",,,,"All vessel types",,"Form D 062 Vessel Inspection Report (2).md:941",D-062|c11|bd4e23221ce7
D-062,11,"Engine & Steering Compartments","Engine & Steering Compartments","Auxiliary Oil-Fired Boilers & Exhaust Gas Boiler","73. EXHAUST GAS INLET/ OUTLET DUCTS AND REGULATION DAMPER (Check for exhaust gas leaks and missing insulation).",,,,"All vessel types",,"Form D 062 Vessel Inspection Report (2).md:942",D-062|c11|6dea1ebbe875
D-062,11,"Engine & Steering Compartments","Engine & Steering Compartments","Engine Spare Parts Room & Workshop","74. Spare Parts Room to be noted if clean, tidy and well organised.",,,,"All vessel types",,"Form D 062 Vessel Inspection Report (2).md:944",D-062|c11|61677404b628
D-062,11,"Engine & Steering Compartments","Engine & Steering Compartments","Engine Spare Parts Room & Workshop","75. Spare Parts inventory process to be verified, Engineers to be familiar with the ship’s Spares inventory.",,,,"All vessel types",,"Form D 062 Vessel Inspection Report (2).md:945",D-062|c11|8c8178706c7b
D-062,11,"Engine & Steering Compartments","Engine & Steering Compartments","Engine Spare Parts Room & Workshop","76. A spot check to be conducted on the reported inventory of minimum spare parts for Critical Equipment.",,,,"All vessel types",,"Form D 062 Vessel Inspection Report (2).md:946",D-062|c11|211596eb5318
D-062,11,"Engine & Steering Compartments","Engine & Steering Compartments","Engine Spare Parts Room & Workshop","77. Engine Workshop to be noted if clean, tidy and well organised.",,,,"All vessel types",,"Form D 062 Vessel Inspection Report (2).md:947",D-062|c11|469cffdf10ab
D-062,11,"Engine & Steering Compartments","Engine & Steering Compartments","Engine Spare Parts Room & Workshop","78. Tools & Equipment to be secure in designated positions.",,,,"All vessel types",,"Form D 062 Vessel Inspection Report (2).md:948",D-062|c11|35ba71f952cb
D-062,11,"Engine & Steering Compartments","Engine & Steering Compartments","Sea Water & Fresh Water Cooling Systems","79. MAIN & AUXILIARY SEA WATER COOLING PUMPS","Check for corrosion, gland or mechanical seal leakages, high bearing temperatures and vibration, adequate motor protection from water spillage",,,"All vessel types",,"Form D 062 Vessel Inspection Report (2).md:950",D-062|c11|b6f0b3fb1a84
D-062,11,"Engine & Steering Compartments","Engine & Steering Compartments","Sea Water & Fresh Water Cooling Systems","80. SEACHEST VALVES","Check for corrosion, leakage free, freely operable, regular operation, records of drydock overhaul",,,"All vessel types",,"Form D 062 Vessel Inspection Report (2).md:951",D-062|c11|7811b7d02f41
D-062,11,"Engine & Steering Compartments","Engine & Steering Compartments","Sea Water & Fresh Water Cooling Systems","81. SEACHESTS","Internally check condition of plating, UT measurements, smothering valves operable. Externally (at drydock) check gratings, bolts secured, adequate anodes welded, suction pipes cleaned from barnacles",,,"All vessel types",,"Form D 062 Vessel Inspection Report (2).md:963",D-062|c11|db30ad0e9ec1
D-062,11,"Engine & Steering Compartments","Engine & Steering Compartments","Sea Water & Fresh Water Cooling Systems","82. FLOW REGULATOR VALVES (Check operation, not stack or damaged).",,,,"All vessel types",,"Form D 062 Vessel Inspection Report (2).md:964",D-062|c11|1da8a688c769
D-062,11,"Engine & Steering Compartments","Engine & Steering Compartments","Sea Water & Fresh Water Cooling Systems","83. JACKET FW COOLING PUMPS","Corrosion, gland or mechanical seal leakages, high bearing temperatures and vibration, adequate motor protection from water spillage, couplings and moving parts screened",,,"All vessel types",,"Form D 062 Vessel Inspection Report (2).md:965",D-062|c11|6a1ee0ab0859
D-062,11,"Engine & Steering Compartments","Engine & Steering Compartments","Sea Water & Fresh Water Cooling Systems","84. PISTON FW COOLING PUMPS","Corrosion, gland or mechanical seal leakages, high bearing temperatures and vibration, adequate motor protection from water spillage, couplings and moving parts screened",,,"All vessel types",,"Form D 062 Vessel Inspection Report (2).md:966",D-062|c11|440d5c4cfefb
D-062,11,"Engine & Steering Compartments","Engine & Steering Compartments","Sea Water & Fresh Water Cooling Systems","85. PIPING AND INTERMEDIATE VALVES","No leakages, valves not stack, free of corrosion, pitting and soft patches or other temporary repairs",,,"All vessel types",,"Form D 062 Vessel Inspection Report (2).md:967",D-062|c11|5513f48d85e8
D-062,11,"Engine & Steering Compartments","Engine & Steering Compartments","Sea Water & Fresh Water Cooling Systems","86. M/E FW COOLERS (JACKET, PISTON, ETC.)","Check inlet/outlet pressure and temperature difference, availability of gauges, last cleaning records, shell tubes and pipes to be corrosion free (shell and tube type), plates and packings without corrosion and deformation (plate type)",,,"All vessel types",,"Form D 062 Vessel Inspection Report (2).md:968",D-062|c11|6f33a153335d
D-062,11,"Engine & Steering Compartments","Engine & Steering Compartments","Sea Water & Fresh Water Cooling Systems","87. FLOW REGULATOR VALVES (Check operation, not stack or damaged).",,,,"All vessel types",,"Form D 062 Vessel Inspection Report (2).md:969",D-062|c11|8de0ddadc2ef
D-062,11,"Engine & Steering Compartments","Engine & Steering Compartments","Sea Water & Fresh Water Cooling Systems","88. GRAVITY TANKS","Condition, cleaned, level gauges protected, isolating valves in order",,,"All vessel types",,"Form D 062 Vessel Inspection Report (2).md:970",D-062|c11|928587a5621e
D-062,11,"Engine & Steering Compartments","Engine & Steering Compartments","Sea Water & Fresh Water Cooling Systems","89. PISTON & FUEL VALVES COOLING TANKS AND PIPING","Water free of oil contamination, flow observation windows clean",,,"All vessel types",,"Form D 062 Vessel Inspection Report (2).md:971",D-062|c11|ce20a405824f
D-062,11,"Engine & Steering Compartments","Engine & Steering Compartments","Sea Water & Fresh Water Cooling Systems","90. M/E, D/GS FW MAIN COOLER","Check inlet / outlet pressure and temperature difference, availability of gauges, last cleaning records, shell tubes and pipes to be corrosion free (shell and tube type), plates and packings without corrosion and deformation (plate type)",,,"All vessel types",,"Form D 062 Vessel Inspection Report (2).md:972",D-062|c11|b34863f1c37c
D-062,11,"Engine & Steering Compartments","Engine & Steering Compartments","Sea Water & Fresh Water Cooling Systems","91. FRESH WATER GENERATOR","Check evaporator and condenser, gauges, ejector pumps, eductors, filter",,,"All vessel types",,"Form D 062 Vessel Inspection Report (2).md:973",D-062|c11|d9655aaa9787
D-062,11,"Engine & Steering Compartments","Engine & Steering Compartments","Fuel Oil Diesel Oil & Lubricating Oil Systems.","92. BUNKER TANKS","Condition of heating coils, temperature indicators, vent heads, ullage ports and gauges",,,"All vessel types",,"Form D 062 Vessel Inspection Report (2).md:975",D-062|c11|2cfb2a24c450
D-062,11,"Engine & Steering Compartments","Engine & Steering Compartments","Fuel Oil Diesel Oil & Lubricating Oil Systems.","93. SERVICE AND SETTLING TANKS","Check structural/insulation condition. Glass level gauges to be protected against breakage & self-closing fail safe & not inhibited, isolating cocks fitted. Double bottom tank ullage gauges clean & with operable self-closing covers. Level alarms & temperature sensors operating, drip trays fitted around and free of oil. Check heating coils. Tanks arrangement for low & high sulphur FO available for vessels trading in SECA",,,"All vessel types",,"Form D 062 Vessel Inspection Report (2).md:976",D-062|c11|47f07ae603cd
D-062,11,"Engine & Steering Compartments","Engine & Steering Compartments","Fuel Oil Diesel Oil & Lubricating Oil Systems.","94. TRANSFER PUMPS (In good condition, no leakages).",,,,"All vessel types",,"Form D 062 Vessel Inspection Report (2).md:977",D-062|c11|6625fe8bb3e0
D-062,11,"Engine & Steering Compartments","Engine & Steering Compartments","Fuel Oil Diesel Oil & Lubricating Oil Systems.","95. BOOSTER PUMPS (In good condition, no leakages).",,,,"All vessel types",,"Form D 062 Vessel Inspection Report (2).md:978",D-062|c11|35d4aa1253c8
D-062,11,"Engine & Steering Compartments","Engine & Steering Compartments","Fuel Oil Diesel Oil & Lubricating Oil Systems.","96. HEATERS AND ASSOCIATED AUTOMATION","No leakages, adequate insulation, steam flow control system in order",,,"All vessel types",,"Form D 062 Vessel Inspection Report (2).md:979",D-062|c11|9dea9fb04a27
D-062,11,"Engine & Steering Compartments","Engine & Steering Compartments","Fuel Oil Diesel Oil & Lubricating Oil Systems.","97. VISCOSIMETER",,,,"All vessel types",,"Form D 062 Vessel Inspection Report (2).md:980",D-062|c11|0d0177f87b4c
D-062,11,"Engine & Steering Compartments","Engine & Steering Compartments","Fuel Oil Diesel Oil & Lubricating Oil Systems.","98. FLOWMETER","In good condition, by pass arrangement installed and operational (isolating valves, by-pass valves)",,,"All vessel types",,"Form D 062 Vessel Inspection Report (2).md:981",D-062|c11|d63ebd1c8ca0
D-062,11,"Engine & Steering Compartments","Engine & Steering Compartments","Fuel Oil Diesel Oil & Lubricating Oil Systems.","99. F.O. PURIFIERS","Correct gravity disk, correct oil heating temperature setting, drain cycles, correct operation (manual or automatic)",,,"All vessel types",,"Form D 062 Vessel Inspection Report (2).md:982",D-062|c11|e73fada5e313
D-062,11,"Engine & Steering Compartments","Engine & Steering Compartments","Fuel Oil Diesel Oil & Lubricating Oil Systems.","100. PURIFIER ROOMS AND OIL HANDLING AREAS (Ventilated and clean).",,,,"All vessel types",,"Form D 062 Vessel Inspection Report (2).md:983",D-062|c11|6fd090a0a643
D-062,11,"Engine & Steering Compartments","Engine & Steering Compartments","Fuel Oil Diesel Oil & Lubricating Oil Systems.","101. BUNKER TANKS (Check sounding pipes with self-closing covers & vent heads).",,,,"All vessel types",,"Form D 062 Vessel Inspection Report (2).md:984",D-062|c11|ad0f45e15e4b
D-062,11,"Engine & Steering Compartments","Engine & Steering Compartments","Fuel Oil Diesel Oil & Lubricating Oil Systems.","102. SERVICE TANKS","Check structural condition. Glass level gauges to be protected against breakage and self-closing isolating cocks fitted. Level alarms operating, drip trays fitted around and free of oil",,,"All vessel types",,"Form D 062 Vessel Inspection Report (2).md:985",D-062|c11|31bbd2f58a78
D-062,11,"Engine & Steering Compartments","Engine & Steering Compartments","Fuel Oil Diesel Oil & Lubricating Oil Systems.","103. TRANSFER PUMPS (In good condition, no leakages).",,,,"All vessel types",,"Form D 062 Vessel Inspection Report (2).md:986",D-062|c11|5bd71ef8a5fd
D-062,11,"Engine & Steering Compartments","Engine & Steering Compartments","Fuel Oil Diesel Oil & Lubricating Oil Systems.","104. D.O. PURIFIERS","Correct gravity disk, correct oil heating temperature setting, drain cycles correct operation (manual or automatic)",,,"All vessel types",,"Form D 062 Vessel Inspection Report (2).md:987",D-062|c11|52577e2cdbdd
D-062,11,"Engine & Steering Compartments","Engine & Steering Compartments","Fuel Oil Diesel Oil & Lubricating Oil Systems.","105. PURIFIER HEATERS (Last clean records, temperature control system, insulation).",,,,"All vessel types",,"Form D 062 Vessel Inspection Report (2).md:988",D-062|c11|1fbbe9ea355a
D-062,11,"Engine & Steering Compartments","Engine & Steering Compartments","Fuel Oil Diesel Oil & Lubricating Oil Systems.","106. LO TANKS (Check sounding pipes with self closing covers).",,,,"All vessel types",,"Form D 062 Vessel Inspection Report (2).md:989",D-062|c11|bb45c6be46f5
D-062,11,"Engine & Steering Compartments","Engine & Steering Compartments","Fuel Oil Diesel Oil & Lubricating Oil Systems.","107. M/E LO PUMPS (Condition, no leakages, check overhaul records).",,,,"All vessel types",,"Form D 062 Vessel Inspection Report (2).md:990",D-062|c11|47bd67be032e
D-062,11,"Engine & Steering Compartments","Engine & Steering Compartments","Fuel Oil Diesel Oil & Lubricating Oil Systems.","108. M/E LO COOLERS","Check inlet / outlet pressure and temperature difference, availability of gauges, last cleaning records, shell tubes and pipes corrosion free (shell & tube type), plates & packings without corrosion/deformation (plate type)",,,"All vessel types",,"Form D 062 Vessel Inspection Report (2).md:1001",D-062|c11|a7115548e8b6
D-062,11,"Engine & Steering Compartments","Engine & Steering Compartments","Fuel Oil Diesel Oil & Lubricating Oil Systems.","109. LO PURIFIERS","Correct gravity disk, correct oil heating temperature setting, drain cycles correct operation (manual or automatic)",,,"All vessel types",,"Form D 062 Vessel Inspection Report (2).md:1002",D-062|c11|5482d989e969
D-062,11,"Engine & Steering Compartments","Engine & Steering Compartments","Fuel Oil Diesel Oil & Lubricating Oil Systems.","110. PIPING AND VALVES IN E/R","Free of corrosion, pitting, soft patches and other temporary repairs",,,"All vessel types",,"Form D 062 Vessel Inspection Report (2).md:1003",D-062|c11|d7a552a9c8a8
D-062,11,"Engine & Steering Compartments","Engine & Steering Compartments","Compressed Air, Steam & Condensate System","111. AIR COMPRESSORS (MAIN & EMERG.) & LOW-PRESSURE AIR SYSTEM","Check safety valves, automatic stopping devices, interlocking devices, start/stop intervals, air & oil leaks, oil level, cooling, bearings/couplings, high/low pressure alarms, gauges, drainage, air reservoir",,,"All vessel types",,"Form D 062 Vessel Inspection Report (2).md:1005",D-062|c11|708b362264b0
D-062,11,"Engine & Steering Compartments","Engine & Steering Compartments","Compressed Air, Steam & Condensate System","112. EMERGENCY STARTING AIR COMPRESSOR (Condition, test start, check weekly operation records).",,,,"All vessel types",,"Form D 062 Vessel Inspection Report (2).md:1006",D-062|c11|ab21a95fd824
D-062,11,"Engine & Steering Compartments","Engine & Steering Compartments","Compressed Air, Steam & Condensate System","113. AIR RECEIVERS (MAIN, AUXILIARY) (Check cleaning/inspection records, safety valves overhaul, setting & test records, valves & piping condition, valves marking).Spare Parts inventory process to be verified, Engineers to be familiar with the ship’s Spares inventory.",,,,"All vessel types",parenthetical_not_trailing,"Form D 062 Vessel Inspection Report (2).md:1007",D-062|c11|9d92795bae9a
D-062,11,"Engine & Steering Compartments","Engine & Steering Compartments","Compressed Air, Steam & Condensate System","114. AIR DRYER, OIL FILTERS, PRESSURE REDUCERS, ETC. (Check good operating condition).",,,,"All vessel types",,"Form D 062 Vessel Inspection Report (2).md:1008",D-062|c11|1cfaa85bda7d
D-062,11,"Engine & Steering Compartments","Engine & Steering Compartments","Compressed Air, Steam & Condensate System","115. COMPRESSED AIR AND CONTROL AIR PIPING (If possible check that the air is free of oil and water. All filters, dryers, etc. in good condition).s.",,,,"All vessel types",parenthetical_not_trailing,"Form D 062 Vessel Inspection Report (2).md:1009",D-062|c11|72f91d56444d
D-062,11,"Engine & Steering Compartments","Engine & Steering Compartments","Compressed Air, Steam & Condensate System","116. STEAM PIPING & VALVES","Check, flanges and gaskets condition, no leakages, no missing insulation, free of significant corrosion, pitting and soft patches or other temporary repairs",,,"All vessel types",,"Form D 062 Vessel Inspection Report (2).md:1010",D-062|c11|2d169510d6d9
D-062,11,"Engine & Steering Compartments","Engine & Steering Compartments","Compressed Air, Steam & Condensate System","117. CONDENSER","Check last cleaning records, vacuum system (if applicable), no corrosion of S.W. and steam side and piping",,,"All vessel types",,"Form D 062 Vessel Inspection Report (2).md:1011",D-062|c11|7a167f12b2d3
D-062,11,"Engine & Steering Compartments","Engine & Steering Compartments","Compressed Air, Steam & Condensate System","118. CASCADE TANK","Check level alarms, water free of oil and cargo residues, properly insulated",,,"All vessel types",,"Form D 062 Vessel Inspection Report (2).md:1012",D-062|c11|144d31837401
D-062,11,"Engine & Steering Compartments","Engine & Steering Compartments","Compressed Air, Steam & Condensate System","119. BOILER FEED WATER AND CIRCULATING PUMPS (No leakages, no salt residues).",,,,"All vessel types",,"Form D 062 Vessel Inspection Report (2).md:1013",D-062|c11|3c1f83300f17
D-062,11,"Engine & Steering Compartments","Engine & Steering Compartments","Compressed Air, Steam & Condensate System","120. CONDENSATE PIPING AND VALVES","Free of corrosion, soft patches, pitting and temporary repairs",,,"All vessel types",,"Form D 062 Vessel Inspection Report (2).md:1014",D-062|c11|fb13b9b81488
D-062,11,"Engine & Steering Compartments","Engine & Steering Compartments","Compressed Air, Steam & Condensate System","121. DISTILLED WATER TANK",,,,"All vessel types",,"Form D 062 Vessel Inspection Report (2).md:1015",D-062|c11|d7b967b5b083
D-062,11,"Engine & Steering Compartments","Engine & Steering Compartments","M/E Bilge & Sludge System","122. BILGE PUMP","Condition, no leakages, motor protected against oil / water spillage, shaft coupling covers available",,,"All vessel types",,"Form D 062 Vessel Inspection Report (2).md:1017",D-062|c11|1d95533bd7a6
D-062,11,"Engine & Steering Compartments","Engine & Steering Compartments","M/E Bilge & Sludge System","123. GENERAL SERVICE PUMP","Condition, no leakages, motor protected against oil / water spillage, shaft coupling covers available",,,"All vessel types",,"Form D 062 Vessel Inspection Report (2).md:1018",D-062|c11|c16b6834e082
D-062,11,"Engine & Steering Compartments","Engine & Steering Compartments","M/E Bilge & Sludge System","124. BILGE WELLS (Suctions fitted with filters, free of debris, oily rags).",,,,"All vessel types",,"Form D 062 Vessel Inspection Report (2).md:1019",D-062|c11|91c43ba158e8
D-062,11,"Engine & Steering Compartments","Engine & Steering Compartments","M/E Bilge & Sludge System","125. BILGE HIGH LEVEL ALARMS (Operational, tested regularly, review records).",,,,"All vessel types",,"Form D 062 Vessel Inspection Report (2).md:1020",D-062|c11|000da9e81e3a
D-062,11,"Engine & Steering Compartments","Engine & Steering Compartments","M/E Bilge & Sludge System","126. BILGE PIPING AND VALVES","Free of corrosion, pitting, soft patches or other temporary repairs",,,"All vessel types",,"Form D 062 Vessel Inspection Report (2).md:1021",D-062|c11|455dcdbd41b8
D-062,11,"Engine & Steering Compartments","Engine & Steering Compartments","M/E Bilge & Sludge System","127. EMERGENCY BILGE SUCTION","Condition, handwheel operable above gratings, position marked and painted, all E/R crew aware of position",,,"All vessel types",,"Form D 062 Vessel Inspection Report (2).md:1022",D-062|c11|df1516319514
D-062,11,"Engine & Steering Compartments","Engine & Steering Compartments","M/E Bilge & Sludge System","128. E/R BILGES (Clean, free of water and oil, painted).",,,,"All vessel types",,"Form D 062 Vessel Inspection Report (2).md:1023",D-062|c11|b3a006557029
D-062,11,"Engine & Steering Compartments","Engine & Steering Compartments","M/E Bilge & Sludge System","129. OVERBOARD VALVES & PIPE CONNECTIONS TO THE HULL FOR LEAKS, PATCHES, ETC. (Locked, poster “Do not open without C/E permission”).",,,,"All vessel types",,"Form D 062 Vessel Inspection Report (2).md:1024",D-062|c11|e26f2368920f
D-062,11,"Engine & Steering Compartments","Engine & Steering Compartments","M/E Bilge & Sludge System","130. SLUDGE PUMP AND PIPING","Piping has no connection to bilge system except common line to shore connection. Piping free of corrosion, pitting, soft patches and other temporary repairs",,,"All vessel types",,"Form D 062 Vessel Inspection Report (2).md:1025",D-062|c11|15b93f643aaf
D-062,11,"Engine & Steering Compartments","Engine & Steering Compartments","M/E Bilge & Sludge System","131. SLUDGE TANK",,,,"All vessel types",,"Form D 062 Vessel Inspection Report (2).md:1026",D-062|c11|a12c5cb059f7
D-062,11,"Engine & Steering Compartments","Engine & Steering Compartments","M/E Bilge & Sludge System","132. CONNECTION BETWEEN E/R BILGE PIPING AND CARGO SLOP TANKS (Piping arrangement to be approved by Class).",,,,"All vessel types",,"Form D 062 Vessel Inspection Report (2).md:1027",D-062|c11|ee0b01ec577b
D-062,11,"Engine & Steering Compartments","Engine & Steering Compartments","M/E Bilge & Sludge System","133. OILY WATER SEPARATOR","Certificate available. Normally supplied with its own supply pump, which may either pump or draw water through the separating unit. Confirm that OWS piping has not been altered, physically by-passed or fitted with connections to by-pass the unit. Verify that sensing equipment has not been interfered with. Request a demonstration of how the oil content alarm is tested, check familiarity of crew. 15ppm test, alarm audible & visible, instructions/anti-pollution warning display. Piping to & from sludge tanks must not have direct connection overboard, other than standard discharge connection to deck required by MARPOL. NO direct overboard discharge which bypasses OWS from a dedicated sludge or bilge pump. In port OWS/filtering overboard discharge valve(s) closed & secured. Check ORB Part I for correct entries regarding OWS operation",,,"All vessel types",,"Form D 062 Vessel Inspection Report (2).md:1038",D-062|c11|1006aa61f7f4
D-062,11,"Engine & Steering Compartments","Engine & Steering Compartments","M/E Bilge & Sludge System","134. HAS THE OWS BEEN FITTED WITH ALARM & AUTO STOPPING DEVICE? (See section 2.2 of Form B of IOPP Cert). If not, it should not be used in a Special Area",,,,"All vessel types",parenthetical_not_trailing,"Form D 062 Vessel Inspection Report (2).md:1039",D-062|c11|7d5b3d7e1c98
D-062,11,"Engine & Steering Compartments","Engine & Steering Compartments","Propeller, Intermediate Shaft And Stern tube Equipment","135. PROPELLER SHAFT","Check records of last propeller shaft Class inspection and NDT test",,,"All vessel types",,"Form D 062 Vessel Inspection Report (2).md:1041",D-062|c11|96cbbbcd3e63
D-062,11,"Engine & Steering Compartments","Engine & Steering Compartments","Propeller, Intermediate Shaft And Stern tube Equipment","136. PROPELLER (Check blades condition whenever ship is at a shallow draft).",,,,"All vessel types",,"Form D 062 Vessel Inspection Report (2).md:1042",D-062|c11|6410d29f40c3
D-062,11,"Engine & Steering Compartments","Engine & Steering Compartments","Propeller, Intermediate Shaft And Stern tube Equipment","137. INTERMEDIATE SHAFT & BEARINGS","Check intermediate shaft connecting flanges & bolts, cooling system, temperature & condition of intermediate shaft bearings, condition of earthing system (brushes, cables)",,,"All vessel types",,"Form D 062 Vessel Inspection Report (2).md:1043",D-062|c11|79b30e257920
D-062,11,"Engine & Steering Compartments","Engine & Steering Compartments","Propeller, Intermediate Shaft And Stern tube Equipment","138. STERN TUBE & SEALS","If possible check sea surface near propeller for oil leakage, check stern tube bearing clearance measurements during last DD",,,"All vessel types",,"Form D 062 Vessel Inspection Report (2).md:1044",D-062|c11|681de874b350
D-062,11,"Engine & Steering Compartments","Engine & Steering Compartments","Propeller, Intermediate Shaft And Stern tube Equipment","139. LO COOLING SYSTEM","Check oil system correct settings and operation, last oil analysis for S.W. presence, tank levels, pumps, valves, sampling point",,,"All vessel types",,"Form D 062 Vessel Inspection Report (2).md:1045",D-062|c11|cecd185832d6
D-062,11,"Engine & Steering Compartments","Engine & Steering Compartments","Refrigeration and Air Conditioning Plant","140. COMPRESSORS (Operation, vibration, protective devices).",,,,"All vessel types",,"Form D 062 Vessel Inspection Report (2).md:1047",D-062|c11|2f90dece13ef
D-062,11,"Engine & Steering Compartments","Engine & Steering Compartments","Refrigeration and Air Conditioning Plant","141. S.W. FREON CONDENSERS","Valves, associated piping, Freon level indicator, free of corrosion, pitting, soft patches or other temporary repairs",,,"All vessel types",,"Form D 062 Vessel Inspection Report (2).md:1048",D-062|c11|ddd60b2a77a9
D-062,11,"Engine & Steering Compartments","Engine & Steering Compartments","Refrigeration and Air Conditioning Plant","142. HEATING & COOLING ELEMENTS (No leakages, fins in order, clean).",,,,"All vessel types",,"Form D 062 Vessel Inspection Report (2).md:1049",D-062|c11|101adf574adf
D-062,11,"Engine & Steering Compartments","Engine & Steering Compartments","Refrigeration and Air Conditioning Plant","143. FANS AND MOTORS","No excessive vibration and noise, belts tension, impeller balanced",,,"All vessel types",,"Form D 062 Vessel Inspection Report (2).md:1050",D-062|c11|121d01044b4d
D-062,11,"Engine & Steering Compartments","Engine & Steering Compartments","Refrigeration and Air Conditioning Plant","144. VENTILATION DUCTS & CONTROL DAMPERS (Insulation, corrosion, cleanliness, handles easy operating).",,,,"All vessel types",,"Form D 062 Vessel Inspection Report (2).md:1051",D-062|c11|cf84bf0b1c39
D-062,11,"Engine & Steering Compartments","Engine & Steering Compartments","Refrigeration and Air Conditioning Plant","145. FREON CONSUMPTION AND RECOVERY PRACTICES DURING REPAIRS (E/R Officers aware of Company procedures and MARPOL An. VI).",,,,"All vessel types",,"Form D 062 Vessel Inspection Report (2).md:1052",D-062|c11|573c39544c1b
D-062,11,"Engine & Steering Compartments","Engine & Steering Compartments","Steering Gear Compartment","146. STEERING GEAR MECHANISM","No oil leakage, no water leakage from rudder post gland, operation of rotor or hydraulic cylinders, check turnig time with one & two hydr. pumps in operation & compare with manufacturer spec., check for noise. St. gear telemotors",,,"All vessel types",,"Form D 062 Vessel Inspection Report (2).md:1054",D-062|c11|76d9bc6fafd5
D-062,11,"Engine & Steering Compartments","Engine & Steering Compartments","Steering Gear Compartment","147. GRAVITY TANK (Adequate oil, level alarm in tank or pressure alarm).",,,,"All vessel types",,"Form D 062 Vessel Inspection Report (2).md:1055",D-062|c11|e6d986de2614
D-062,11,"Engine & Steering Compartments","Engine & Steering Compartments","Steering Gear Compartment","148. EMERGENCY STEERING ARRANGEMENT","Instructions posted, marked according to instructions & all engine crew familiar. Test if possible. One of the steering systems MUST operate in power failure. Vessels> 16 kDWT fitted with a main & an auxiliary steering system including 2 independent st. motors and hydraulic pumps. Gyro repeater or magnetic compass in the em. steering gear",,,"All vessel types",escaped_comparison_operator,"Form D 062 Vessel Inspection Report (2).md:1056",D-062|c11|1a449fd392af
D-062,11,"Engine & Steering Compartments","Engine & Steering Compartments","Steering Gear Compartment","149. COMPASS","Magnetic compass or gyro repeater visible from local st. position",,,"All vessel types",,"Form D 062 Vessel Inspection Report (2).md:1057",D-062|c11|cfa6d651deaa
D-062,11,"Engine & Steering Compartments","Engine & Steering Compartments","Steering Gear Compartment","150. COMMUNICATION (Two means of communication with bridge available).",,,,"All vessel types",,"Form D 062 Vessel Inspection Report (2).md:1058",D-062|c11|cdbf8a88d44e
D-062,11,"Engine & Steering Compartments","Engine & Steering Compartments","Steering Gear Compartment","151. RUDDER ANGLE INDICATOR","Operation independent from st. gear operation mode & visible from em. steering position. Confirm rudder angle indicator with zero angle on tiller & correct readings with rudder indicator in ECR and bridge",,,"All vessel types",,"Form D 062 Vessel Inspection Report (2).md:1059",D-062|c11|a641536f120e
D-062,11,"Engine & Steering Compartments","Engine & Steering Compartments","Steering Gear Compartment","152. ACCESS AND SAFETY PRECAUTIONS","Access outside machinery space, antislip decks in st. compartment",,,"All vessel types",,"Form D 062 Vessel Inspection Report (2).md:1060",D-062|c11|5144db05d520
D-062,11,"Engine & Steering Compartments","Engine & Steering Compartments","Steering Gear Compartment","153. FIRE - WEATHERTIGHT DOOR FROM E/R","St. gear door to E/R marked “TO BE CLOSED DURING SEA PASSAGE”? (If em. fire pump is in st. gear)",,,"All vessel types",,"Form D 062 Vessel Inspection Report (2).md:1061",D-062|c11|509706814c9a
D-062,11,"Engine & Steering Compartments","Engine & Steering Compartments","Steering Gear Compartment","154. ADEQUATE FIRE FIGHTING AND DETECTION ARRANGEMENTS",,,,"All vessel types",,"Form D 062 Vessel Inspection Report (2).md:1062",D-062|c11|55d288f9f3a9
D-062,11,"Engine & Steering Compartments","Engine & Steering Compartments","Steering Gear Compartment","155. COMPARTMENT BILGE SYSTEM","Operable, compartment free of water. Pollution prevention notices posted. The overboard valves secured against accidental opening",,,"All vessel types",,"Form D 062 Vessel Inspection Report (2).md:1063",D-062|c11|cef7388960ff
D-062,11,"Engine & Steering Compartments","Engine & Steering Compartments","E/R Electrical and Electronic Equipment","156. MAIN & EMERGENCY SWITCHBOARDS","Clean, rubber mats all around (for swbds>220V), protection against water spillage if required, lamps, indicators, switches, etc. in order. Megohm meters show infinite values, no earth faults",,,"All vessel types",escaped_comparison_operator,"Form D 062 Vessel Inspection Report (2).md:1075",D-062|c11|614d296bf7d4
D-062,11,"Engine & Steering Compartments","Engine & Steering Compartments","E/R Electrical and Electronic Equipment","157. ELECTRIC GENERATORS INCLUDING SHAFT GENERATOR","Cleanliness, air suction filters, exciter, rotor – stator clearance records, bearings – vibration, heating resistance operation",,,"All vessel types",,"Form D 062 Vessel Inspection Report (2).md:1076",D-062|c11|7d8bb40e9281
D-062,11,"Engine & Steering Compartments","Engine & Steering Compartments","E/R Electrical and Electronic Equipment","158. ELECTRIC GENERATOR PROTECTIVE DEVICES","Test / records for reverse power, overcurrent alarms and trips. Ensure the engineers are familiar with power load change-over procedures",,,"All vessel types",,"Form D 062 Vessel Inspection Report (2).md:1077",D-062|c11|d98728cbd7e3
D-062,11,"Engine & Steering Compartments","Engine & Steering Compartments","E/R Electrical and Electronic Equipment","159. LOCAL STARTER PANELS (Cleanliness, operation of amperometer, indicator bulbs)",,,,"All vessel types",,"Form D 062 Vessel Inspection Report (2).md:1078",D-062|c11|07d631377bdf
D-062,11,"Engine & Steering Compartments","Engine & Steering Compartments","E/R Electrical and Electronic Equipment","160. MOTORS","Protected from water spillage, cable connection box in order",,,"All vessel types",,"Form D 062 Vessel Inspection Report (2).md:1079",D-062|c11|ba83a7105876
D-062,11,"Engine & Steering Compartments","Engine & Steering Compartments","E/R Electrical and Electronic Equipment","161. MEGGER TEST RECORDS (Available annually. Check insulation values).",,,,"All vessel types",,"Form D 062 Vessel Inspection Report (2).md:1080",D-062|c11|7511b5f23df8
D-062,11,"Engine & Steering Compartments","Engine & Steering Compartments","E/R Electrical and Electronic Equipment","162. ALARMS / INSTRUMENTATION OF ENGINE CONTROL ROOM","Instructions, warnings, identification of equipment, spill procedure display, fire extinguisher, muster list, life jackets, audible alarm, visual indication of each alarm, alarm connection to C/E cabin & public rooms activated when alarm not attent in due time, data logger, print-out filed, audible & visual alarm on Bridge",,,"All vessel types",,"Form D 062 Vessel Inspection Report (2).md:1081",D-062|c11|fc8e3cb68ea3
D-062,11,"Engine & Steering Compartments","Engine & Steering Compartments","E/R Electrical and Electronic Equipment","163. UMS ALARM MONITORING & RECORDING SYSTEM",,,,"All vessel types",,"Form D 062 Vessel Inspection Report (2).md:1082",D-062|c11|9043f6400ee6
D-062,11,"Engine & Steering Compartments","Engine & Steering Compartments","E/R Electrical and Electronic Equipment","164. DEAD MAN ALARM - ENGINEER CALL ALARM",,,,"All vessel types",,"Form D 062 Vessel Inspection Report (2).md:1083",D-062|c11|892fd176d25f
D-062,11,"Engine & Steering Compartments","Engine & Steering Compartments","E/R Electrical and Electronic Equipment","165. ICCP SYSTEM",,,,"All vessel types",,"Form D 062 Vessel Inspection Report (2).md:1084",D-062|c11|8df291770d22
D-062,11,"Engine & Steering Compartments","Engine & Steering Compartments","E/R Electrical and Electronic Equipment","166. TRANSFORMERS",,,,"All vessel types",,"Form D 062 Vessel Inspection Report (2).md:1085",D-062|c11|1b28074f3b08
D-062,11,"Engine & Steering Compartments","Engine & Steering Compartments","Inert Gas Plant","167. IG GENERATOR","No furnace corrosion, condition of burner, delivered gas less than 5% Oxygen",,,"Tanker only",,"Form D 062 Vessel Inspection Report (2).md:1087",D-062|c11|6724fe993a0f
D-062,11,"Engine & Steering Compartments","Engine & Steering Compartments","Inert Gas Plant","168. SCRUBBER (No corrosion, proper operation).",,,,"Tanker only",,"Form D 062 Vessel Inspection Report (2).md:1088",D-062|c11|84a1d2eb2ebf
D-062,11,"Engine & Steering Compartments","Engine & Steering Compartments","Inert Gas Plant","169. O2 ANALYZER","Calibration certificates, correct operation, calibration prior to IGG use and recording",,,"Tanker only",,"Form D 062 Vessel Inspection Report (2).md:1089",D-062|c11|7d377c3996be
D-062,11,"Engine & Steering Compartments","Engine & Steering Compartments","Inert Gas Plant","170. TEMPERATURE AND PRESSURE ALARMS & TRIPS (In order, regularly inspected and tested).",,,,"Tanker only",,"Form D 062 Vessel Inspection Report (2).md:1090",D-062|c11|aac4df490f2c
D-062,11,"Engine & Steering Compartments","Engine & Steering Compartments","Inert Gas Plant","171. PRESSURE AND OXYGEN RECORDERS, FANS, AND VALVES","Check records to confirm that tests of trips have been carried out",,,"Tanker only",,"Form D 062 Vessel Inspection Report (2).md:1091",D-062|c11|192c4f8ba97a
D-062,11,"Engine & Steering Compartments","Engine & Steering Compartments","Inert Gas Plant","172. BLOWER",,,,"Tanker only",,"Form D 062 Vessel Inspection Report (2).md:1092",D-062|c11|4e9fc1fba5bf
D-062,11,"Engine & Steering Compartments","Engine & Steering Compartments","Hydraulic Aggregators Plant (Clean, No Oil Leakages).","173. HYDRAULIC AGGREGATORS (No excessive vibration).",,,,"All vessel types",,"Form D 062 Vessel Inspection Report (2).md:1094",D-062|c11|5a5e8fdefd83
D-062,11,"Engine & Steering Compartments","Engine & Steering Compartments","Hydraulic Aggregators Plant (Clean, No Oil Leakages).","174. HYDRAULIC OIL TANK (Oil level, alarms).",,,,"All vessel types",,"Form D 062 Vessel Inspection Report (2).md:1095",D-062|c11|13b4f33da336
D-062,11,"Engine & Steering Compartments","Engine & Steering Compartments","Hydraulic Aggregators Plant (Clean, No Oil Leakages).","175. HIGH PRESSURE PIPES (No leakages, flanges).",,,,"All vessel types",,"Form D 062 Vessel Inspection Report (2).md:1096",D-062|c11|5edec4190b59
D-062,11,"Engine & Steering Compartments","Engine & Steering Compartments","Hydraulic Aggregators Plant (Clean, No Oil Leakages).","176. HYDRAULIC OIL COOLER","Correct operation of temperature adjusting system and cleaning record",,,"All vessel types",,"Form D 062 Vessel Inspection Report (2).md:1097",D-062|c11|684a60cd81c6
D-062,11,"Engine & Steering Compartments","Engine & Steering Compartments","Hydraulic Aggregators Plant (Clean, No Oil Leakages).","177. OIL MIST DETECTOR","Installed in aggregator room, fully operable & tested regularly. In vessels fitted with deep-well pumps driven by hydraulic pressure packs, pressure in the transmission pipes can be very high. If the aggregate pumps are located within the engine compartment it is advisable that an oil mist detector be fitted",,,"All vessel types",,"Form D 062 Vessel Inspection Report (2).md:1098",D-062|c11|515eac00919b
D-062,11,"Engine & Steering Compartments","Engine & Steering Compartments","Other Auxiliary Machinery & Items","178. INCINERATOR","Burner clean, instructions (do not use in ports), operation recorded in ORB, protective devices, personnel trained in use, logs kept",,,"All vessel types",,"Form D 062 Vessel Inspection Report (2).md:1100",D-062|c11|70f46a143d3b
D-062,11,"Engine & Steering Compartments","Engine & Steering Compartments","Other Auxiliary Machinery & Items","179. SEWAGE PLANT","Check sewage shore connection, piping and internal structure for corrosion, check chemical dosage system, check overboard valve to be labeled “Do not open without C/E permission”, check pumps for leakages",,,"All vessel types",,"Form D 062 Vessel Inspection Report (2).md:1101",D-062|c11|1d0dec641ec3
D-062,11,"Engine & Steering Compartments","Engine & Steering Compartments","Other Auxiliary Machinery & Items","180. BALLAST PIPING AND VALVES IN E/R","No corrosion, pitting, soft patches and other temporary repairs",,,"All vessel types",,"Form D 062 Vessel Inspection Report (2).md:1102",D-062|c11|167245963965
D-062,11,"Engine & Steering Compartments","Engine & Steering Compartments","Other Auxiliary Machinery & Items","181. TANK CLEANING PUMP (Installed in Engine room or in a deck store).",,,,"All vessel types",,"Form D 062 Vessel Inspection Report (2).md:1103",D-062|c11|969fdc24e93c
D-062,11,"Engine & Steering Compartments","Engine & Steering Compartments","Other Auxiliary Machinery & Items","182. E/R CRANE","SWL marked, condition of brake and wires, load test recorded in Cargo Gear Register/Book",,,"All vessel types",,"Form D 062 Vessel Inspection Report (2).md:1112",D-062|c11|4fd8b8555a8f
D-062,11,"Engine & Steering Compartments","Engine & Steering Compartments","Other Auxiliary Machinery & Items","183. EXHAUST FANS & TRUNKING","Flaps or discs freely operating & greased, no gaps at closed position, ex. Proof motors on main deck & cable connections intact. No corrosion of fan pipe/duct. Trunks/ducts free of corrosion and dirt",,,"All vessel types",,"Form D 062 Vessel Inspection Report (2).md:1114",D-062|c11|17dbd32b9c24
D-062,11,"Engine & Steering Compartments","Engine & Steering Compartments","Other Auxiliary Machinery & Items","184. SOUNDING PIPES OF DOUBLE BOTTOM TANKS","Ensure covers are of self closing type, in good condition, not kept open",,,"All vessel types",,"Form D 062 Vessel Inspection Report (2).md:1115",D-062|c11|95fba656e877
D-062,11,"Engine & Steering Compartments","Engine & Steering Compartments","Other Auxiliary Machinery & Items","185. SHAFT GUARDS (All moving machinery parts protected with guards).",,,,"All vessel types",,"Form D 062 Vessel Inspection Report (2).md:1116",D-062|c11|fe0b23cb4978
D-062,12,"General Appearance & Condition","General Appearance & Condition","Hull Condition - General","1. TOPSIDES (P&S)",,,,"All vessel types",,"Form D 062 Vessel Inspection Report (2).md:1130",D-062|c12|390fbc50bd16
D-062,12,"General Appearance & Condition","General Appearance & Condition","Hull Condition - General","2. BOOTTOP (P&S)",,,,"All vessel types",,"Form D 062 Vessel Inspection Report (2).md:1131",D-062|c12|03b2eec82f44
D-062,12,"General Appearance & Condition","General Appearance & Condition","Hull Condition - General","3. UNDERWATER AREA (P&S)",,,,"All vessel types",,"Form D 062 Vessel Inspection Report (2).md:1132",D-062|c12|5dbeae371568
D-062,12,"General Appearance & Condition","General Appearance & Condition","Hull Condition - General","4. BOW AREA (P&S)",,,,"All vessel types",,"Form D 062 Vessel Inspection Report (2).md:1133",D-062|c12|30bcca2f29b0
D-062,12,"General Appearance & Condition","General Appearance & Condition","Hull Condition - General","5. STERN AREA (P&S)",,,,"All vessel types",,"Form D 062 Vessel Inspection Report (2).md:1134",D-062|c12|64840e25627c
D-062,12,"General Appearance & Condition","General Appearance & Condition","Hull Condition - General","6. TRANSOM (P&S)",,,,"All vessel types",,"Form D 062 Vessel Inspection Report (2).md:1135",D-062|c12|5e2a6c03cfc6
D-062,12,"General Appearance & Condition","General Appearance & Condition","Hull Condition - General","7. SHIP’S NAME, PORT OF REGISTRY","Painted both sides of the bow and at transom and ideally made of steel welded plate",,,"All vessel types",,"Form D 062 Vessel Inspection Report (2).md:1136",D-062|c12|7ae2f321f744
D-062,12,"General Appearance & Condition","General Appearance & Condition","Hull Condition - General","8. BOW THRUSTER, BULBOUS BOW, TUG PUSH POINT MARKS","Painted both sides of the hull and ideally made of steel welded plate",,,"All vessel types",,"Form D 062 Vessel Inspection Report (2).md:1137",D-062|c12|c1e484228d17
D-062,12,"General Appearance & Condition","General Appearance & Condition","Hull Condition - General","9. IMO NUMBER WELDED AND PAINTED AT STERN AND ACCOMMODATION FORWARD BULKHEAD","IMO No. permanently marked in visible place on stern or on either side of hull, amidships P&S or on front of superstructure, in contrasting colour and>200mm in height. Additionally marking>100mm in height in easily accessible place on one end of transverse BHDs of E/R. Width proportionate to height",,,"All vessel types",escaped_comparison_operator,"Form D 062 Vessel Inspection Report (2).md:1138",D-062|c12|e5b2e1d078cf
D-062,12,"General Appearance & Condition","General Appearance & Condition","Hull Condition - General","10. PILOT LADDER MARK (To be prominently painted).",,,,"All vessel types",,"Form D 062 Vessel Inspection Report (2).md:1139",D-062|c12|8a839c548a75
D-062,12,"General Appearance & Condition","General Appearance & Condition","Hull Condition - General","11. LOAD LINE & DRAFT marks (Painted, ideally made of steel welded plate).",,,,"All vessel types",,"Form D 062 Vessel Inspection Report (2).md:1140",D-062|c12|9af720fc97c1
D-062,12,"General Appearance & Condition","General Appearance & Condition","Main Deck Condition","12. MAIN DECK",,,,"All vessel types",,"Form D 062 Vessel Inspection Report (2).md:1142",D-062|c12|6dbc0d45269b
D-062,12,"General Appearance & Condition","General Appearance & Condition","Main Deck Condition","13. POOP DECK",,,,"All vessel types",,"Form D 062 Vessel Inspection Report (2).md:1143",D-062|c12|00bb884e0475
D-062,12,"General Appearance & Condition","General Appearance & Condition","Main Deck Condition","14. ACCOMMODATION WEATHER DECKS",,,,"All vessel types",,"Form D 062 Vessel Inspection Report (2).md:1144",D-062|c12|1c589cf4253a
D-062,12,"General Appearance & Condition","General Appearance & Condition","Main Deck Condition","15. DECK STOREROOMS",,,,"All vessel types",,"Form D 062 Vessel Inspection Report (2).md:1145",D-062|c12|e30de3125b1b
D-062,12,"General Appearance & Condition","General Appearance & Condition","Main Deck Condition","16. ACCOMMODATION EXTERNAL BULKHEADS",,,,"All vessel types",,"Form D 062 Vessel Inspection Report (2).md:1146",D-062|c12|727d05324208
D-062,12,"General Appearance & Condition","General Appearance & Condition","Main Deck Condition","17. FUNNEL",,,,"All vessel types",,"Form D 062 Vessel Inspection Report (2).md:1147",D-062|c12|836470039f4f
D-062,12,"General Appearance & Condition","General Appearance & Condition","Main Deck Condition","18. FORWARD MAST","Check condition of steps, cableways, equipment supports, platforms and cable clamps. Plastic is not acceptable",,,"All vessel types",,"Form D 062 Vessel Inspection Report (2).md:1148",D-062|c12|474ce96f797e
D-062,12,"General Appearance & Condition","General Appearance & Condition","Main Deck Condition","19. AFT MAST","Check condition of steps, cableways, equipment supports, platforms and cable clamps. Plastic is not acceptable",,,"All vessel types",,"Form D 062 Vessel Inspection Report (2).md:1149",D-062|c12|04d68047979d
D-062,12,"General Appearance & Condition","General Appearance & Condition","Main Deck Condition","20. DECK WORKING AREAS","Lighting adequate, clearly identified non-slip surfaces in mooring areas, check safe access to various areas for watchkeepers, safe use of mooring equipment, monitoring of deck area for spills/leakages, monitoring of all deck areas and the adjacent surrounding areas to prevent unauthorised access",,,"All vessel types",,"Form D 062 Vessel Inspection Report (2).md:1150",D-062|c12|d70130ed4d04
D-062,12,"General Appearance & Condition","General Appearance & Condition","Main Deck Condition","21. 21. ARE LIGHT FITTINGS IN GAS-HAZARDOUS AREAS EX 'D' RATED AND IN A SATISFACTORY CONDITION?","Lights either explosion-proof or pressurised. The flame paths of explosion-proof lights should not be painted over. Fluorescent fittings will generally have flame paths at each end. The manufacturer’s or administration’s certificate approving the fitting for use in gas-hazardous areas will be invalidated if the correct bolts for securing the cover, or the correct light bulb size, are not used. Attention to the following: a. Cracks in metal, cracked or broken glasses or failure of cement around cemented glasses in flameproof or explosion proof enclosures; b. Covers of flameproof enclosures to ensure that they are tight, that no bolts are missing, and that no gaskets are present between mating metal surfaces; c. Each connection to ensure that it is properly connected; d. Possible slackness of joints in conduit runs and fittings.",,,"All vessel types",struck_through_partial_review,"Form D 062 Vessel Inspection Report (2).md:1151",D-062|c12|b42a97a21319
D-062,12,"General Appearance & Condition","General Appearance & Condition","Main Deck Condition","22. RAILS AND BULWARKS (No significant corrosion, no cracks/deformation).",,,,"All vessel types",,"Form D 062 Vessel Inspection Report (2).md:1152",D-062|c12|fce48ef15c67
D-062,12,"General Appearance & Condition","General Appearance & Condition","Main Deck Condition","23. FORECASTLE DECK","Free of water. Check lifejackets & fireman outfit in fwd store, stowage & securing of items, condition of bilge wells & related piping/pumping arrangements, check side shell & deck steel structure for dents, coating",,,"All vessel types",,"Form D 062 Vessel Inspection Report (2).md:1153",D-062|c12|bc49662b7b82
D-062,12,"General Appearance & Condition","General Appearance & Condition","Superstructure Condition","24. Accommodation Block condition to be verified. If rust observed to be noted.",,,,"All vessel types",,"Form D 062 Vessel Inspection Report (2).md:1164",D-062|c12|5584136ce556
D-062,12,"General Appearance & Condition","General Appearance & Condition","Superstructure Condition","25. Monkey Bridge with fittings condition to be verified.",,,,"All vessel types",,"Form D 062 Vessel Inspection Report (2).md:1165",D-062|c12|f12b3ce162da
D-062,12,"General Appearance & Condition","General Appearance & Condition","Superstructure Condition","26. Accommodation Block external decks condition with fittings to be verified.",,,,"All vessel types",,"Form D 062 Vessel Inspection Report (2).md:1166",D-062|c12|7cbbfb81cad6
D-062,12,"General Appearance & Condition","General Appearance & Condition","Superstructure Condition","27. Fittings, Rails, Doors, Ladders, Lights, Vents Fire Doors condition to be verified.",,,,"All vessel types",,"Form D 062 Vessel Inspection Report (2).md:1167",D-062|c12|f250c8dae337
D-062,12,"General Appearance & Condition","General Appearance & Condition","Superstructure Condition","28. Engine Casing condition with fittings to be verified.",,,,"All vessel types",,"Form D 062 Vessel Inspection Report (2).md:1168",D-062|c12|52fb4860e8ff
D-062,12,"General Appearance & Condition","General Appearance & Condition","Superstructure Condition","29. Funnel external condition to be verified",,,,"All vessel types",,"Form D 062 Vessel Inspection Report (2).md:1169",D-062|c12|b5cf206b36d8
D-062,12,"General Appearance & Condition","General Appearance & Condition","Service Pipework Deck/Accommodation","30. Hydraulic and pneumatic pipework;",,,,"All vessel types",,"Form D 062 Vessel Inspection Report (2).md:1171",D-062|c12|7176b1465dcc
D-062,12,"General Appearance & Condition","General Appearance & Condition","Service Pipework Deck/Accommodation","31. Fire mains and associated fittings;",,,,"All vessel types",,"Form D 062 Vessel Inspection Report (2).md:1172",D-062|c12|bdcefa63cf0b
D-062,12,"General Appearance & Condition","General Appearance & Condition","Service Pipework Deck/Accommodation","32. Deck steam lines;",,,,"All vessel types",,"Form D 062 Vessel Inspection Report (2).md:1173",D-062|c12|90645d8d78f4
D-062,12,"General Appearance & Condition","General Appearance & Condition","Service Pipework Deck/Accommodation","33. Compressed air lines;",,,,"All vessel types",,"Form D 062 Vessel Inspection Report (2).md:1174",D-062|c12|2266679c1bb2
D-062,12,"General Appearance & Condition","General Appearance & Condition","Service Pipework Deck/Accommodation","34. Tank cleaning lines.",,,,"All vessel types",,"Form D 062 Vessel Inspection Report (2).md:1175",D-062|c12|cbc2c7871470
D-062,12,"General Appearance & Condition","General Appearance & Condition","Service Pipework Deck/Accommodation","35. Pipe securing arrangements",,,,"All vessel types",,"Form D 062 Vessel Inspection Report (2).md:1176",D-062|c12|db33f032a32a
D-062,12,"General Appearance & Condition","General Appearance & Condition","Service Pipework Deck/Accommodation","36. Air /Vent/ Sounding Pipes of Non-Cargo Tanks",,,,"All vessel types",,"Form D 062 Vessel Inspection Report (2).md:1177",D-062|c12|cb86b1f097c0
D-062,12,"General Appearance & Condition","General Appearance & Condition","Service Pipework Deck/Accommodation","37. Closing devices (balls, discs), inserts/caps in place, identification/markings, color code, tanks served indicated, plugs in place, save-alls, flame screens, spill trays around FO, DO, LO, bilge, etc. Ensure that vent heads are regularly dismantled e.g. at DD.",,,,"All vessel types",parenthetical_not_trailing,"Form D 062 Vessel Inspection Report (2).md:1178",D-062|c12|470c39318835
D-062,12,"General Appearance & Condition","General Appearance & Condition","Accommodation Spaces Condition","38. Self-closing doors, Weather-tight doors, alleyways, smoking detectors & wall panels to be confirmed in good order.",,,,"All vessel types",,"Form D 062 Vessel Inspection Report (2).md:1180",D-062|c12|b2bbab41c9ee
D-062,12,"General Appearance & Condition","General Appearance & Condition","Accommodation Spaces Condition","39. OFFICERS & CREW CABINS (to be confirmed in good order as far as possible.).",,,,"All vessel types",,"Form D 062 Vessel Inspection Report (2).md:1181",D-062|c12|c3a4f756e19a
D-062,12,"General Appearance & Condition","General Appearance & Condition","Accommodation Spaces Condition","40. PUBLIC SPACES, MESS ROOMS","LSA & FFE training manuals, signs/posters in place, Company policies posted",,,"All vessel types",,"Form D 062 Vessel Inspection Report (2).md:1182",D-062|c12|e70056b0d6b9
D-062,12,"General Appearance & Condition","General Appearance & Condition","Accommodation Spaces Condition","41. ALLEYWAYS, STAIRWAYS, PASSAGEWAYS","No obstructions, escape IMO signs posted, well lit. Handles at stairways. Exits marked. Automatic closing devices of fire doors in order, no doors kept open by strings, hooks",,,"All vessel types",,"Form D 062 Vessel Inspection Report (2).md:1183",D-062|c12|c77b82359096
D-062,12,"General Appearance & Condition","General Appearance & Condition","Accommodation Spaces Condition","42. LAUNDRIES & LINEN LOCKERS","Free of clothing accumulations that constitute a fire hazard",,,"All vessel types",,"Form D 062 Vessel Inspection Report (2).md:1184",D-062|c12|7856cad2a87d
D-062,12,"General Appearance & Condition","General Appearance & Condition","Accommodation Spaces Condition","43. ELECTRICAL EQUIPMENT, DISTRIBUTION SWITHCBOARDS, CABLE TRUNKS","No broken switches or sockets, no exposed cabling, trunks free of other equipment and clean",,,"All vessel types",,"Form D 062 Vessel Inspection Report (2).md:1185",D-062|c12|e223c4aa3235
D-062,12,"General Appearance & Condition","General Appearance & Condition","Accommodation Spaces Condition","44. ACCOMMODATION LIGHTING","Satisfactory level of lighting, fixtures clean, no broken bulbs or flickering fluorescent lights, no broken fixture covers",,,"All vessel types",,"Form D 062 Vessel Inspection Report (2).md:1186",D-062|c12|4ac0618d61fa
D-062,12,"General Appearance & Condition","General Appearance & Condition","Accommodation Spaces Condition","45. REFRIGERATION AND PROVISION ROOMS","Clean and tidy, personnel internal alarms operational, correct temperatures",,,"All vessel types",,"Form D 062 Vessel Inspection Report (2).md:1187",D-062|c12|70baddc883d0
D-062,12,"General Appearance & Condition","General Appearance & Condition","Accommodation Spaces Condition","46. ESCAPE ROUTES (Adequate lighting, no obstructions, signs-reflective tapes).",,,,"All vessel types",,"Form D 062 Vessel Inspection Report (2).md:1188",D-062|c12|43a2f6f233fb
D-062,12,"General Appearance & Condition","General Appearance & Condition","Accommodation Spaces Condition","47. HOSPITAL – MEDICAL CHEST – FIRST AID EQUIPMENT","Resuscitation eq. condition, instructions available and crew aware of its use. Medicine log, Certificate by chemist, no expired medicine, First aid guide available, no broken tiles or missing handles/holders, ventilation diffusers condition",,,"All vessel types",,"Form D 062 Vessel Inspection Report (2).md:1189",D-062|c12|9751be0cd5ea
D-062,12,"General Appearance & Condition","General Appearance & Condition","Accommodation Spaces Condition","48. GALLEY AREA","Fire blanket, fire extinguishers, check electric appliances, deep fat cooking friers fitted with temperature trips, accumulation of unburnt fuel or fat deposits in galley ranges, within flue pipes & in filter cowls of vents. Check eq. thermostats, fire damper at lowest duct position, fan stop out of galley",,,"All vessel types",,"Form D 062 Vessel Inspection Report (2).md:1190",D-062|c12|911f31803ede
D-062,13,"ICE OPERATIONS (Only applicable to vessels with respective Class Notation)","ICE OPERATIONS (Only applicable to vessels with respective Class Notation)","Ice Operations - General","1. Procedures for operating in ice (risk assessment, operating limitations, guidance on machinery operation, etc) to be verified existing onboard.",,,,"Ice class only",parenthetical_not_trailing,"Form D 062 Vessel Inspection Report (2).md:1203",D-062|c13|f48e93494ce8
D-062,13,"ICE OPERATIONS (Only applicable to vessels with respective Class Notation)","ICE OPERATIONS (Only applicable to vessels with respective Class Notation)","Ice Operations - General","2. Means to detect ice (dedicated ice radar, thermal imaging, searchlight or other) to be verified onboard and operational",,,,"Ice class only",parenthetical_not_trailing,"Form D 062 Vessel Inspection Report (2).md:1204",D-062|c13|62bda660f36a
D-062,13,"ICE OPERATIONS (Only applicable to vessels with respective Class Notation)","ICE OPERATIONS (Only applicable to vessels with respective Class Notation)","Ice Operations - General","3. Crew training records for navigation in ice (CBT or other formal training) to be confirmed",,,,"Ice class only",parenthetical_not_trailing,"Form D 062 Vessel Inspection Report (2).md:1205",D-062|c13|0c377ce28888
D-062,13,"ICE OPERATIONS (Only applicable to vessels with respective Class Notation)","ICE OPERATIONS (Only applicable to vessels with respective Class Notation)","Ice Operations - General","4. Procedures for operation in sub-zero temperatures to be verified onboard and followed",,,,"Ice class only",,"Form D 062 Vessel Inspection Report (2).md:1206",D-062|c13|8c917ee06e8c
D-062,13,"ICE OPERATIONS (Only applicable to vessels with respective Class Notation)","ICE OPERATIONS (Only applicable to vessels with respective Class Notation)","Specific Means –Procedures for Ice navigation","5. System for receiving information for ice data is in place and information up-to-date",,,,"Ice class only",,"Form D 062 Vessel Inspection Report (2).md:1208",D-062|c13|81feb7fd5238
D-062,13,"ICE OPERATIONS (Only applicable to vessels with respective Class Notation)","ICE OPERATIONS (Only applicable to vessels with respective Class Notation)","Specific Means –Procedures for Ice navigation","6. Sea chest de-freezing arrangement to be verified",,,,"Ice class only",,"Form D 062 Vessel Inspection Report (2).md:1209",D-062|c13|d63b45c5c1c7
D-062,13,"ICE OPERATIONS (Only applicable to vessels with respective Class Notation)","ICE OPERATIONS (Only applicable to vessels with respective Class Notation)","Specific Means –Procedures for Ice navigation","7. Accommodation heating to be verified operational",,,,"Ice class only",,"Form D 062 Vessel Inspection Report (2).md:1210",D-062|c13|2b582281e317
D-062,13,"ICE OPERATIONS (Only applicable to vessels with respective Class Notation)","ICE OPERATIONS (Only applicable to vessels with respective Class Notation)","Specific Means –Procedures for Ice navigation","8. De-icing equipment for WH windows and heater for fog horn-air whistle to be verified operational",,,,"Ice class only",,"Form D 062 Vessel Inspection Report (2).md:1211",D-062|c13|6f7f17869b8e
D-062,13,"ICE OPERATIONS (Only applicable to vessels with respective Class Notation)","ICE OPERATIONS (Only applicable to vessels with respective Class Notation)","Specific Means –Procedures for Ice navigation","9. Ballast system heating or air bubbling system to be verified operational",,,,"Ice class only",,"Form D 062 Vessel Inspection Report (2).md:1212",D-062|c13|2b58c610f2f3
D-062,13,"ICE OPERATIONS (Only applicable to vessels with respective Class Notation)","ICE OPERATIONS (Only applicable to vessels with respective Class Notation)","Specific Means –Procedures for Ice navigation","10. Air pipes of service-settling tanks condition to be checked and verified free of blockage",,,,"Ice class only",,"Form D 062 Vessel Inspection Report (2).md:1213",D-062|c13|89aa4762e13b
D-062,13,"ICE OPERATIONS (Only applicable to vessels with respective Class Notation)","ICE OPERATIONS (Only applicable to vessels with respective Class Notation)","Specific Means –Procedures for Ice navigation","11. System for preventing ice on PV valves and Deck seal to be verified operational.",,,,"Ice class only",,"Form D 062 Vessel Inspection Report (2).md:1214",D-062|c13|1b38c2520622
D-062,13,"ICE OPERATIONS (Only applicable to vessels with respective Class Notation)","ICE OPERATIONS (Only applicable to vessels with respective Class Notation)","Specific Means –Procedures for Ice navigation","12. Water and foam fire extinguishers to be located in position not exposed to freezing temperatures",,,,"Ice class only",,"Form D 062 Vessel Inspection Report (2).md:1215",D-062|c13|c50105b0c075
